variant_id,sku,precio_original_eur,precio_aplicado_eur,producto
55028214563153,9096653519,272.80,396.95,Sulwhasoo The Ultimate S cream (REFILL) 30ml
55029463548241,6400291637,64.48,93.95,d'Alba White Truffle Double Mask Pack [Nutritive/Hydrating] 32.5g X 20ea
55033659326801,12899703814,50.84,73.95,belif Manology Protective Ectoin Basic Skincare SET (Toner 150ml + Emulsion 125m
55028214169937,9601554167,42.16,61.95,bravity Daily STEMCELL Ampoule Skin 120ml
55028214301009,12005937665,42.16,61.95,belif Classic Collagen Firming Cream 50ml
55029252489553,11424842754,42.16,61.95,DERMALINE Bio Hydro Refresh Ampoule 75ml
55029255045457,4997503899,42.16,61.95,DERMALINE Bio Activing PDRN Ampoule 75ml
55029264449873,A255273,42.16,61.95,REJUDERMA EX Repairing Cream 20g
55028211482961,9601603988,40.92,59.95,bravity Daily STEMCELL Ampoule Lotion 100g
55028212007249,PURCELL210,40.92,59.95,PURCELL Pixcell Biom Booster Shot Powder 0.2g X 10ea
55028212072785,8040589870,40.92,59.95,Dr.G Revital Enhancer EGF Ampoule Program 10ml X 4ea
55028212203857,270199589,40.92,59.95,Re:NK Cell to Cell Skin Softener 150ml
55028212433233,5586937781,40.92,59.95,belif Herb Bouquet Concentrate 50ml
55028212597073,5279426691,40.92,59.95,IOPE SUPER VITAL SOFTENER 150ml
55028212662609,5225563241,40.92,59.95,[The History of Whoo] GONGJINHYANG SEOL Radiant White Emulsion 110ml
55028212826449,5091767396,40.92,59.95,belif The White Decoction – Ultimate Brightening Cream 50ml
55028213285201,5087958190,40.92,59.95,belif CREAMY MOISTURIZER DEEP MOIST 125mL
55028213449041,5091903785,40.92,59.95,belif The True Cream Aqua Bomb tube 75ml
55029192753489,11498879796,40.92,59.95,d'Alba Vita Toning Capsule Serum 100ml
55029237809489,13140899933,40.92,59.95,MIZON Black Snail All In One Cream 75ml
55029254095185,4997436213,40.92,59.95,DERMALINE Bio Cell Boosting Ampoule 75ml
55028208795985,11329472040,39.68,57.95,bravity Skin Reboot Spicule Serum 30ml
55028209254737,PURCELL174-30,39.68,57.95,PURCELL 88B/ml L-Glutathione Flexible Liposome 30ml
55028209385809,Elizavecca949,39.68,57.95,Elizavecca Witch Piggy Hell-Pore Marine Collagen Ampoule 50ml
55028209582417,6829206823,39.68,57.95,YUNJAC Calming & Comforting Emulsion 125ml
55028209779025,5600070313,39.68,57.95,YUNJAC Calming & Comforting Toner Pad 50pads/150ml
55028209975633,5116545493,39.68,57.95,YUNJAC Hydrating & Soothing Mist 100ml
55028210073937,Elizavecca797,39.68,57.95,Elizavecca Milky Piggy Real White Time Milk Cream 100ml
55028210172241,Elizavecca1000000051,39.68,57.95,Elizavecca Aqua Water Snail Mucin Cream 50ml
55028210270545,9454556534,39.68,57.95,Easydew Barrier Repair Toner 200ml
55028210434385,10567699694,39.68,57.95,d'Alba White Truffle First Oil Capsule Serum 100ml
55028210565457,5410207090,39.68,57.95,NATURE REPUBLIC Snail Solution Skin Booster 130ml
55028210696529,1406854376,39.68,57.95,[The History of Whoo] GONGJINHYANG INYANG Essential Nourishing Emulsion 110ml
55028210794833,5201954959,39.68,57.95,NATURE REPUBLIC Ginseng Royal Silk Essence 40ml
55028210893137,260773092,39.68,57.95,isoi Bulgarian Rose Intensive Energizing Oil 15ml
55028211024209,5087956908,39.68,57.95,belif MILKY MOISTURIZER HYDRA BALANCING 125mL
55029252620625,11232623984,39.68,57.95,DERMALINE Dr.TJ Anti-Aging & Brightening Clear Ampoule 30ml
55029462991185,4633103121,39.68,57.95,d'Alba Waterfull Vegan Sleeping Pack 4ml X 24ea
55029463286097,4888750349,39.68,57.95,IWLT PURIFYING CENTELLA SOOTHING MASK 25ml x 6ea
55033169674577,10769757561,39.68,57.95,Huxley Conditioning Shampoo 750ml #Moroccan Gardener
55028191920465,6043312755,37.20,54.95,[Pyunkang Yul] Black Tea Deep Infusion Toner 130ml
55028192018769,10218984774,37.20,54.95,coxir Intensive EGF Peptide Serum 50ml
55028192215377,5028875387,37.20,54.95,heimish Bulgarian Rose Satin Cream 50ml
55028192477521,4499503171,37.20,54.95,REJURAN Healer Nutritive Cream 50ml
55028199719249,10609464389,37.20,54.95,Easydew DW-EGF Peptide Clear Sun Patch 4 Packs
55028204896593,3442225098,37.20,54.95,AMPLE:N 24K Gold Shot Ampoule 100ml
55028205125969,9047039141,37.20,54.95,MIGUHARA Hyalucollagen Essence Origin 50ml
55028205388113,6938350891,37.20,54.95,MIGUHARA Hyalucollagen Moisturizing Cream 50ml
55028205584721,5079267403,37.20,54.95,d'Alba White Truffle Double Layer Revitalizing Serum 30ml
55028206076241,4968521215,37.20,54.95,KAHI Wrinkle Bounce Skin Fit Blending Essence 30ml
55028206305617,9565123238,37.20,54.95,Dr.Jart+ Ceramidin Skin Barrier Moisturizing Milky Lotion 50ml
55028206567761,154843614,37.20,54.95,isoi Bulgarian Rose Intensive Energizing Cream EX 60ml
55029255733585,12079880191,37.20,54.95,DERMALINE D'LEXO Collagen Gel Cream 100g
55029461582161,9138159154,37.20,54.95,Dr.Jart+ CICAPAIR SLEEPAIR INTENSIVE REPAIR NIGHT MASK 75ml
55029461713233,5543870897,37.20,54.95,JHP 139 GOLD COLLAGEN MASK 30 Sheets
55029462729041,4954538223,37.20,54.95,Sulwhasoo Overnight Vitalizing Mask 120ml
55029501821265,11470848185,37.20,54.95,IOPE Retinol Serum In Gel Mask 30g*7ea
55033011175761,9030828790,37.20,54.95,tooq No More Bother Cleansing Water 500ml
55033011241297,5093252549,37.20,54.95,belif Aqua Bomb Smart Cleansing Oil Balm 100ml
55033123373393,5117148946,37.20,54.95,YUNJAC Whole Plant Effect Cleansing Infusion 200ml
55033123930449,5073310412,37.20,54.95,YUNJAC Whole Plant Effect Daily Foam & Exfoliant 2g X 30ea
55033124225361,8529943270,37.20,54.95,YUNJAC Whole Plant Effect Daily Foam & Exfoliant 80g (Bottle)
55033148703057,9177614436,37.20,54.95,HEVEBLUE Black Yuja Bean Milk Cleanser 290ml
55028207485265,9143481775,38.44,55.95,bravity Derma Green 5 Calming Elixir 40ml
55028207616337,10939135830,38.44,55.95,belif Youth Creator Age Knockdown Barrier Emulsion 100ml
55028207944017,530834815,38.44,55.95,[THANK YOU FARMER] Miracle Age Repair Serum 60ml
55028208959825,5091852390,38.44,55.95,belif The True Cream Moisturizing Bomb 75ml
55029252260177,11042096709,38.44,55.95,DERMALINE Hydro Refresh Emulsion 200ml
55029461975377,336657600,38.44,55.95,isoi Acni Dr. 1st Speedy Mask 20ml x 10ea
55032543248721,12026596653,38.44,55.95,MEDIHEAL Hyper Hyaluronate Gel Mask 34g X 10ea
55033011306833,5235426779,38.44,55.95,[The History of Whoo] CHEONGIDAN HWAHYUN Radiant Cleansing Foam 200ml
55033156436305,11842623821,38.44,55.95,TROIAREUKE Seoul Oxygen Toning Cleanser 150ml
55029252063569,4994775141,35.96,52.95,DERMALINE Hydrating Moisture Dew 150ml
55029460697425,OHUI194,35.96,52.95,O HUI Extreme White Sleeping Mask 100ml
55029460762961,4758860781,35.96,52.95,d'Alba White Truffle Nourishing Treatment Mask 25ml X 20ea
55033150013777,8402571997,35.96,52.95,bravity Daily Toning All-In-One Peeling Gel 200g
55033170297169,11647886688,35.96,52.95,Dr.Groot Clinical Relief Scalp Conditioner 350ml
55033170919761,11647883183,35.96,52.95,Dr.Groot Clinical Relief Spot Gel 80ml
55033171083601,11647880136,35.96,52.95,Dr.Groot Clinical Relief Scaler 250ml
55029237383505,12664249816,34.72,50.95,Dr.Melaxin TX Astaxanthin Triple Jelly Serum 30ml
55029460566353,Elizavecca901,34.72,50.95,Elizavecca Hell-Pore Longolongo Gronique Diamond Mask Pack 100ml
55029460926801,5114282170,34.72,50.95,Sulwhasoo Clarifying Mask 120ml
55032541086033,12465302837,34.72,50.95,REJURAN Ampoule Infused Lifting Mask 28g X 4ea
55033011077457,5225927673,34.72,50.95,[The History of Whoo] GONGJINHYANG SEOL Brightening Peeling Gel 100ml
55029250031953,11034692170,33.48,48.95,DERMALINE Hydro Refresh Toner 200ml
55029254291793,4867474216,33.48,48.95,DERMALINE PDRN Solution Activing Toner 200ml
55029254553937,4904479105,33.48,48.95,DERMALINE PDRN Solution Activating Emulsion 200ml
55029460304209,10865990867,33.48,48.95,primera Vitatinol Serum Mega-Shot Gel Mask Sheet 34g X 5ea
55029460402513,154843617,33.48,48.95,isoi Bulgarian Rose Intensive Lifting Mask Pack 50ml
55029460500817,4926388876,33.48,48.95,[One-day's you] Oh! So Cool Calming Mask 25ml x 10ea
55029527150929,11364460052,33.48,48.95,MEDIPEEL Cell Toxing Dermajours Black Truffle Repair Mask 30ml X 5ea
55032546754897,10747071994,33.48,48.95,MEDIHEAL Derma Seal Mask Retinol Collagen 28ml X 10ea
55033010913617,9455105576,33.48,48.95,Easydew Barrier Repair Cleanser 150ml
55033011011921,2145251108,33.48,48.95,[YURI PIBU] Grante Cleansing Oil 300ml + 300ml
55033615417681,9688432,33.48,48.95,ATOPALM MLE Baby Lotion 300ml
55029221785937,7025112904,31.00,45.95,primera VITA TINOL SERUM 30g
55029236367697,12474624376,31.00,45.95,Dr.Melaxin Peel Shot Glow White Rice Serum 30ml
55029236793681,10909743145,31.00,45.95,Dr.Melaxin Necklinephalt Neck Cream 20ml
55029264777553,8789774270,31.00,45.95,CNP Mugener Phyto Soothing Ampule 35ml+35ml
55029458207057,4770859324,31.00,45.95,JHP 139 DERMA REPAIR MASK 30 Sheets
55029458305361,4622869036,31.00,45.95,JHP 139 HYALURONIC ACID MASK 30 Sheets
55029458469201,4967925169-,31.00,45.95,JHP 139 TEA-TREE CARE SOLUTION MASK 30 Sheets
55029459157329,9988084731,31.00,45.95,IOPE Skin Booster Ampoule Peel Pad 3.5ml 8ea
55029459288401,4622866562,31.00,45.95,JHP 139 COLLAGEN IMPACT MASK 30 Sheets
55029459681617,2207012796,31.00,45.95,DEWYCEL Private Care Mask 10set
55029465776465,5819963138,31.00,45.95,[Pyunkang Yul] Calming Mask Pack 25ml*30 Sheets
55029496938833,10759452960,31.00,45.95,NEOGEN SUR.MEDIC Super Hyaluronic 100 Aqua Mask 30g X 10ea
55032532894033,11493690438,31.00,45.95,Parnell Niacinamide Rice Brightening Wash Off Pack 100ml
55032536367441,9763421988,31.00,45.95,HEVEBLUE Black Yuja Bean Makeup Spa Mask Pack 23ml X 10ea
55033010848081,10840759249,31.00,45.95,Easydew DW-EGF CLEAR BHA Cleanser 100ml
55033148899665,12083871746,31.00,45.95,HEVEBLUE Phyton Squa Hyal Blue Cleansing Balm 100ml
55033148997969,12210894737,31.00,45.95,HEVEBLUE Red Bean Pore-Tightening Peptamin Podo Chaltteok Cleansing Foam 100ml
55033159024977,5592617924,31.00,45.95,ROOTON Alpha Erguen Shampoo 500ml
55033169838417,8430397205,31.00,45.95,Huxley Moisture Shampoo 300ml #Moroccan Gardener
55033179701585,6965853486,31.00,45.95,Dr.Groot Microbiome Beer Yeast Shampoo 400ml
55033661620561,13518251801,31.00,45.95,3CE Multi Eye Color Palette The Textile 8g (9colors)
55033661653329,13518251801,31.00,45.95,3CE Multi Eye Color Palette The Textile 8g (9colors)
55033661686097,13518251801,31.00,45.95,3CE Multi Eye Color Palette The Textile 8g (9colors)
55033661718865,13518251801,31.00,45.95,3CE Multi Eye Color Palette The Textile 8g (9colors)
55033661751633,13518251801,31.00,45.95,3CE Multi Eye Color Palette The Textile 8g (9colors)
55033661784401,13518251801,31.00,45.95,3CE Multi Eye Color Palette The Textile 8g (9colors)
55033661817169,13518251801,31.00,45.95,3CE Multi Eye Color Palette The Textile 8g (9colors)
55033661849937,13518251801,31.00,45.95,3CE Multi Eye Color Palette The Textile 8g (9colors)
55033661882705,13518251801,31.00,45.95,3CE Multi Eye Color Palette The Textile 8g (9colors)
55029459779921,4618775759,32.24,46.95,isoi Bulgarian Rose Refresh Mask 80g
55029459845457,5881879967,32.24,46.95,REJURAN Healer Perfect Healing V Tighter 20g X 4ea
55029459976529,4743011715,32.24,46.95,Huxley Mask ; Glow and Brightness 25ml 5P
55029460107601,154843608,32.24,46.95,isoi Bulgarian Rose Pore Tightening Clay Pack 100ml
55029521252689,10829362447,32.24,46.95,It'S SKIN Prestige Intense Firming Snail Collagen Gel Mask 30g X 10ea
55029523120465,10829333580,32.24,46.95,It'S SKIN Prestige Intense Calming Tea Tree Cica Gel Mask 30g X 10ea
55032551047505,11983780143,32.24,46.95,MEDIHEAL Hyper Collagen Gel Mask 35ml X 10ea
55033168560465,11533268458,32.24,46.95,Dr.Groot Microbiome Ampoule Treatment 250ml
55033168757073,11533280934,32.24,46.95,Dr.Groot Microbiome Anti-Aging Tonic 150ml
55033171149137,11647875252,32.24,46.95,Dr.Groot Clinical Relief Scalp Shampoo 350ml
