sku,n_fichas,n_activas,n_borrador,n_archivadas,titulos_distintos,ejemplo_titulo
1000000715,50,50,0,0,2,TIRTIR Mask Fit Red Cushion SPF40 PA++ 18g (45shades)
11288222060,35,35,0,0,1,TIRTIR Mask Fit Ai Filter Cushion SPF30 PA++ 4.5g #MINI (35 Colors)
11288208786,35,35,0,0,1,TIRTIR Mask Fit Ai Filter Cushion SPF30 PA++ 18g (35 Colors)
10529188654,32,32,0,0,1,BBIA Last Velvet Tint 5g (32colors)
1000000838,30,30,0,0,2,TIRTIR Mask Fit Crystal Mesh Cushion SPF50+ PA++++ 5g #MINI (15shades)
1000000823,30,30,0,0,2,TIRTIR Mask Fit AI Filter Cushion SPF50+ PA++++ 18g (15shades)
11830751648,30,30,0,0,1,TIRTIR WATERISM Glow Mini Tint 1.8g (30color)
9810940357,30,30,0,0,6,fwee Lip & Cheek Blurry Pudding Pot #Just me Moment
6990226852,30,30,0,0,1,Dinto Blur-Glowy Lip Tint 3.5g (30colors)
12798685005,30,30,0,0,1,TIRTIR Mask Fit Red Foundation MINI SPF40 PA++ 10g (30colors)
8141339386,29,29,0,0,2,WAKEMAKE Soft Blurring Eye Palette 14g (17colors)
8642735910,29,29,0,0,2,lilybyred Bloody Liar Coating Tint
11433225694,29,29,0,0,1,ETUDE What's In My Eyes 2g (29 Colors)
9925400957,29,29,0,0,1,tfit Radiance Fit Serum Foundation 30g (29colors)
11149629515,28,28,0,0,1,rom&nd THE JUICY LASTING TINT 3.5g
3954836873,28,28,0,0,16,[DEAR DAHLIA] Paradise Dream Velvet Lip Mousse 6.5ml #01 Seduction
10842148537,27,27,0,0,2,TONYMOLY Eye Tone Single Eye Shadow #401~#413
5786960408,26,26,0,0,2,tooq Waterproof Slim Eyeliner 0.12g
7944075465,24,24,0,0,1,MUZIGAE MANSION Rainbow Mansion Objet Liquid Tint 6ml
8564925098,24,12,12,0,2,CLIO Crystal Glam Tint 3.4g (#13-#28)
11901275886,23,23,0,0,1,TIRTIR Mask Fit Red Foundation 30ml (23color)
5408186567,23,23,0,0,7,3CE Blur Water Tint 4.6g #BAKE BEIGE
2269570531,23,23,0,0,2,lilybyred Starry Eyes Am9 to Pm9 Gel Eyeliner
11758610786,20,20,0,0,1,BANILA CO Romantic Blush Lip & Cheek 3.7g
11901432511,20,20,0,0,1,TIRTIR Glide & Hide Blurring Concealer 30ml (20color)
10154356227,20,20,0,0,1,TIRTIR Mask Fit Aura Cushion SPF30 PA++ 18g (20 Colors)
10153965028,20,20,0,0,1,TIRTIR Mask Fit Aura Cushion SPF30 PA++ 4.5g #MINI (20 Colors)
9474705329,20,20,0,0,1,tooq One by Genuine Magnetic Eye Shadow 1.2g-2.1g (20colors)
11774742744,20,20,0,0,1,CLIO Volumate Tint Blur & Gloss (Blur 3.8g/Gloss 3g) (20colors)
7983842345,20,20,0,0,1,TONYMOLY Get It Tint Waterful Butter 4.3g
162444425,19,19,0,0,1,BBIA Last Auto Gel Eyeliner 0.3g
13136989974,19,19,0,0,1,peripera Mood Glowy Tint 4g (19colors)
9984481025,19,19,0,0,2,peripera Over Blur Tint 3.5g (12colors)
12350025822,19,19,0,0,1,3CE Velvet Lip Tint 4g
APRILSKIN1381,19,19,0,0,1,APRILSKIN Slide Pocket Single Shadow
4900164240,19,13,6,0,2,lilybyred Luv Beam Cheek Balm 3.5g
11498121689,17,17,0,0,2,peripera Ink The Jelloble Tint 3.7g (12colors)
5471258318,17,17,0,0,2,HERA Black Cushion Foundation SPF34/PA++ 15gx2 [Cushion+refill]
10529195376,17,17,0,0,1,BBIA Glow Tint 3.2g
10087351313,16,16,0,0,1,BANILA CO Dew Glow Tint 3.8g
1000000822,16,16,0,0,2,TIRTIR Mask Fit All Cover Cushion SPF50+ PA+++ 4.5g #MINI (15shades)
6626717171,16,16,0,0,1,Laka Fruity Glam Tint
5027147050,16,16,0,0,1,FORENCOS Soak Tattoo Tint 3.1ml
6363316501,16,16,0,0,1,peripera Ink Mood Glowy Tint 4g (#20~#36)
11668050261,16,16,0,0,1,WAKEMAKE Water Blurring Layer Tint 4.6g (16colors)
11302133910,16,16,0,0,1,colorgram Single Cube Eyeshadow
11830798127,15,15,0,0,1,TIRTIR WATERISM Glow Tint 4g (15color)
11288193726,15,15,0,0,1,TIRTIR Mask Fit Crystal Mesh Cushion SPF50+ PA++++ 5g #MINI (15 Colors)
9474801055,15,15,0,0,1,tooq Without Mirror Water Blur Lip Tint 5ml
8309795289,15,15,0,0,1,Laka Mono Eyeshadow
3954631720,15,15,0,0,7,[DEAR DAHLIA] Paradise Dual Palette 4g #03 Autumn Scandal
10058718910,15,15,0,0,1,colorgram Fruity Glass Tint 2.8g
11502433379,15,15,0,0,1,BBIA Last Blush 4g
6133438048,14,14,0,0,2,CLIO Extreme Gelpresso Pencil Liner 0.35g (10colors)
5649443033,14,14,0,0,1,BBIA Glow Lip Tint 3.2g (13 Colors)
10735943131,14,14,0,0,1,TOCOBO Juicy Berry Plumping Lip Oil 4g
8155728568,14,14,0,0,2,peripera Water Bare Tint 3.7g #15~17
11341689180,14,14,0,0,1,dasique Pure Water Lip Gloss 2.6g (14colors)
3153848,14,14,0,0,2,Oddtype Unseen Blur Tint
9386675899,14,14,0,0,1,FORENCOS Tattoo Bisou Velvet Tint 4g
10394410867,14,14,0,0,1,Dinto [Peter&Wendy Collection] Lip Glace & Lip Enamel 4ml
9261522242,14,14,0,0,2,CLIO Velvet Lip Pencil 1.45g (+Sharpener) (8colors)
11659295555,14,14,0,0,1,BBIA Over Glaze 4.5g (14colors)
8519770822,14,14,0,0,1,Laka Bonding Glow Lipstick
5682840432,14,14,0,0,1,TONYMOLY PERFECT LIPS SHOCKING LIP (14 Colors) 4g
7912427001,14,0,14,0,1,[TOO COOL FOR SCHOOL] Frottage Pencil 1.1g
9068732952,14,14,0,0,1,EUNYUL Natural Sheet Mask Pack 22ml*10ea (14-types)
03936,13,13,0,0,1,peripera Ink Glasting Lip Gloss 4.5ml (13colors)
9249425051,13,13,0,0,1,nuse Care Liptual 4.5g (13colors)
5340534936,13,13,0,0,3,3CE Soft Matte Lipstick 3.5g #WARMISH MOVE
10822336571,13,13,0,0,1,colorgram Nude Blur Tint 5g
5826636544,13,13,0,0,1,BBIA Last Powder Lipstick 3.5g
11513587171,13,13,0,0,1,WAKEMAKE Waterful Glow Tint 4.6g (13colors)
9177128433,13,13,0,0,1,BANILA CO Mood On Eye Color Stick 0.5g
9530061775,13,13,0,0,1,TONYMOLY Get It Tint Glaze Balm
301086768,12,12,0,0,2,CLIO Sharp So Simple Waterproof Pencil Liner 0.14g (10colors)
11213515927,12,12,0,0,1,dasique Melting Candy Balm 1.5g
8092734457,12,12,0,0,1,[DEAR DAHLIA] Petal Drop Liquid Blush 4g (12colors)
A0225573,12,12,0,0,1,[Beauty of Joseon] Daily Tinted Fluid Sunscreen SPF50+ PA+++ 50ml
6185411615,12,12,0,0,3,AMUSE Dew Jelly Master Cushion SPF38 PA+++ 15g [Refill] (4 Colors)
8992252706,12,12,0,0,1,3CE Hazy Lip Clay 4g (12 Colors)
7574863859,12,12,0,0,1,TONYMOLY Perfect Lips Rouge Intense 3.5g (12 Colors)
12314201034,12,12,0,0,1,WAKEMAKE Soft Blurring Balm Stick 3.5g (12colors)
9701140124,12,12,0,0,1,[JAVIN DE SEOUL] Wink Eye Shimmer Light 6g
7799514941,12,12,0,0,1,[JAVIN DE SEOUL] Wink Eye Shade Primer 5.5g
5557949297,12,12,0,0,1,3CE Face Blush 5g-5.5g
8241753619,12,12,0,0,1,TONYMOLY Master Lab Sheet Mask 19g X 10ea
6204885894,12,12,0,0,1,EUNYUL Daily Care Facial Sheet Mask 22ml*10ea (12-type)
338281265,12,12,0,0,1,[NATURE REPUBLIC] Real Nature Mask Sheet 23ml X 30ea (13type)
10893480624,12,12,0,0,1,3CE Cashmere Hug Lipstick 3.5g (12colors)
8913764888,11,11,0,0,1,BANILA CO Sheer Velvet Veil Tint 4.2g
11606627081,11,11,0,0,1,TOCOBO Apple Dewy Fit Cushion SPF50+ PA++++ 15g
11606633485,11,11,0,0,1,TOCOBO Apple Dewy Fit Cushion SPF50+ PA++++ 15g+15g(Refill) Set
8401115120,11,11,0,0,1,dasique Fruity Lip Jam 4g
7890631664,11,11,0,0,1,MUZIGAE MANSION Icy Glow 5ml
9619689944,11,11,0,0,1,[DEAR DAHLIA] Perfect Designing Shadow Stick 0.9g (11colors)
483706630,11,4,7,0,2,CLIO Auto Hard KillBrow Pencil 0.31g (5 Colors)
5333881693,11,11,0,0,1,3CE Velvet Lip Tint Plush 4g (11colors)
10302231470,11,11,0,0,1,Dinto Blur-Glowy MINI Lip Tint 1g (11colors)
5135507605,11,11,0,0,1,AMUSE Dew Tint 4g
11890680203,11,11,0,0,1,WAKEMAKE Healthy Glow Balm Stick 3.5g (11colors)
707540832,11,11,0,0,2,lilybyred Skinny Mes Brow Mascara 3.5g
10765465097,11,11,0,0,1,WAKEMAKE Soft Sheer Multi Palette 6.4g (11 Colors)
10140193394,11,11,0,0,1,fwee Mellow Dual Blusher
13269002427,11,11,0,0,1,3CE Glazy Lip Glow 3.2g (11colors)
13430271925,10,10,0,0,1,MISSHA Airy Fit Sheet Mask · 20 mascarillas
6600647165,10,10,0,0,1,BBIA Ready To Wear Eye Shadow 3g
9988231433,10,10,0,0,1,BBIA Over Glaze Stick 1.7g (10 Colors)
5583967222,10,10,0,0,1,[SOME BY MI] REAL MASK 20g*10ea (10-type)
13010831620,10,10,0,0,1,tfit Idol Cover Concealer 6.5g (10colors)
6095481463,10,10,0,0,2,WAKEMAKE Powder Jet Dual Brow 0.2g+0.4g (5colors)
11217173539,10,10,0,0,1,NAMING Blurry Heart Lip Tint 4.7g (10colors)
4984100657,10,10,0,0,1,NAMING Fluffy Powder Blush 3.2g (10color)
8131492446,10,10,0,0,1,Laka Jelling Nude Gloss
11355143363,10,10,0,0,1,espoir Be Glow Foundation SPF27 PA++ 30g (10colors)
entropymakeup163,10,10,0,0,1,ENTROPY Makeup Cham Tint 3.0g #Glossy Gel Line
11671569171,10,10,0,0,1,Dear.A Personal Single Concealer 1.8g (10colors)
10074570522,10,10,0,0,1,3CE Drop Glow Gel 3.8g
13685521008,10,10,0,0,1,TIRTIR Tinted Skin Glow Cushion SPF40 PA++ 16g (10colors)
4954573317,10,10,0,0,1,Sulwhasoo Perfecting Foundation SPF17 PA+ 35ml
5340568802,10,10,0,0,1,3CE Blurring Liquid Lip 5.5g (10 Colors)
9749878159,10,10,0,0,1,HERA Rouge Classy 3.5g
6280512441,10,10,0,0,1,HERA Sensual Powder Matte Liquid 5g
9834297932,10,10,0,0,1,the SAEM Cover Perfection Lip Pencil 2g
7931260955,10,10,0,0,1,AMUSE Jel-Fit Tint 3.8g
10129427525,10,10,0,0,1,fwee 3D Voluming Gloss 5.3g
5339397806,10,10,0,0,1,3CE CLOUD LIP TINT 4g
10376923288,10,10,0,0,1,lilybyred Sweet Liar Milky Tint 4g
10780437726,10,10,0,0,1,Laka Bulky Matte Lipstick
8833932414,10,10,0,0,1,Dinto [BRONTE Collection] Melting-Glow Lip Balm 1.7g
10239282891,10,10,0,0,1,FORENCOS MINI Tattoo Clair Velvet Tint 2.3g
11183238966,10,10,0,0,1,[TOO COOL FOR SCHOOL] Dew Blurry Tint 4g (10 Colors)
11149829582,10,10,0,0,1,peripera Slip On My Lip 1.4g
10057012536,10,10,0,0,1,AMUSE Bebe Tint 3.8g (10 Colors)
11118137138,10,10,0,0,1,AMUSE Fondue Balm 3.2g (10 colors)
11758423561,10,10,0,0,1,ETUDE Sugar Coloring Jelly Balm 9g
9736347350,10,10,0,0,1,[TOO COOL FOR SCHOOL] Artclass Smudging Under Liner 0.12g (10 Colors)
12176090869,10,10,0,0,1,[NATURE REPUBLIC] DAILY BASIC BLOOM SINGLE SHADOW 1.1 ~ 1.5g (10color)
9317394060,10,10,0,0,1,TONYMOLY Cheek Tone Jelly Blusher
6600609717,10,10,0,0,1,BBIA Ready to Wear Downy Cheek 3.5g
5712009381,10,10,0,0,1,Dinto All That Moments Blur-Finish Blusher 4.5g
11600537671,10,10,0,0,1,JUNGSAEMMOOL Artist Cushion Blush 4g (10color)
10738162005,10,10,0,0,1,Dinto [Peter&Wendy Collection] Be My Wendy Blusher 2.5g
12562401319,10,10,0,0,1,TIRTIR Airy Bloom Mesh Blush 5g (10colors)
11764279119,10,0,10,0,1,CLIO Essential Blush Tap 3g (10colors)
12794312867,10,10,0,0,1,TIRTIR Mask Fit Ruby Mesh Cushion SPF30 PA++ 15g (10colors)
12794333159,10,10,0,0,1,TIRTIR Mask Fit Ruby Mesh Cushion SPF30 PA++ 5g [MINI] (10colors)
6050187274,10,10,0,0,1,EUNYUL Clean & Fresh Sheet Mask 22ml*30ea (10-type)
5046584412,10,10,0,0,1,SKINFOOD Sous Vide Mask Sheet 18ml x 10ea
669541645,10,10,0,0,1,ETUDE 0.2 Therapy Air Mask 20ml X 10ea
2639977042,10,10,0,0,10,LINDSAY Premium Modeling Pack 1kg #Cool Tea Tree
12837644783,10,10,0,0,1,3CE Misty Lip Bare 4.6g (10colors)
13228799310,10,10,0,0,1,3CE Gummy Oil Tint 4g (10colors)
8757613588,9,9,0,0,1,BBIA L'eau Tint 4.5g (9 Colors)
320064801,9,9,0,0,1,ETUDE Dear Darling Water Tint 9g
12176860948,9,9,0,0,1,nuse Reju Lip Gloss 10.5g (9colors)
11174639439,9,9,0,0,1,mude Inspire Skinny Browcara 3.2g (9colors)
7085470121,9,9,0,0,2,WAKEMAKE Defining Cover Concealer 6g (5colors)
4031859,9,9,0,0,1,Oddtype Unscene Dew Glow Balm
3882622,9,9,0,0,1,Oddtype Unseen Balloon Tint
10974152526,9,9,0,0,1,FORENCOS All Light Mood Velvet Tint 3.2g
11494880028,9,9,0,0,1,O HUI Ultimate Cover Denier Cushion SPF50+ PA+++ Set 13g+13g(refill) (9colors)
1814412512,9,9,0,0,9,rom&nd Zero Matte Lipstick 3g #01 Dusty Pink
9418202479,9,9,0,0,1,peripera Heart Jam Glow Lip
8740630562,9,9,0,0,1,[MACQUEEN New York] Dewy Water Glow Lip Tint 3.5g (9 Color)
11183216961,9,9,0,0,1,[TOO COOL FOR SCHOOL] Glossy Blaster Tint 3.4g (9colors)
11288546156,9,9,0,0,1,TIRTIR WATERISM Glow Melting Balm 3.3g (9color)
11498417266,9,9,0,0,1,HERA SENSUAL TINTED SHINE STICK 3.5g (9colors)
707539870,9,9,0,0,2,lilybyred Skinny Mes Brow Pencil
707537891,9,9,0,0,2,lilybyred Starry Eyes Am9 to Pm9 Slim Gel Eyeliner
11774668805,9,9,0,0,1,CLIO Soft Blending Shadow Stick 1.4g (9colors)
6399457136,9,9,0,0,1,BANILA CO Priming Veil Cheek 6g
3450028,9,9,0,0,1,Oddtype So Touchable Water Blush
11662325886,9,9,0,0,1,A'pieu Juicy Pang Pastel Blusher 3.7g (9colors)
12601274625,9,9,0,0,1,tfit Sleek Fit Cover Foundation 30g (9colors)
10861724631,9,9,0,0,1,CLIO Butter Balm Crayon + Sharpener Set 3.9g (9colors)
7906326218,9,9,0,0,1,lilybyred Luv Beam Glow Veil 3.2g (9colors)
13518251801,9,9,0,0,1,3CE Multi Eye Color Palette The Textile 8g (9colors)
13279031560,8,8,0,0,1,[DEAR DAHLIA] Dressy Glow Tint 4g (8colors)
11075998229,8,8,0,0,2,BBIA Last Eye Palette 5g
8429779817,8,8,0,0,2,"BANILA CO Volume Lip Plumper (MAXI , LIGHT)"
4440496353,8,8,0,0,1,ETUDE Dear Darling Water Gel Tint 5g
10801721143,8,8,0,0,1,rom&nd BARE WATER TINT 4.5g (8 Colors)
11423730087,8,8,0,0,1,nuse Mousse Care Cheek Handy 10ml (8colors)
13531153560,8,8,0,0,1,mude Angel Hug Glaze 5g (8colors)
12089203285,8,8,0,0,1,colorgram Juicy Jam Blur Tint 5g (8colors)
8044758820,8,8,0,0,1,[TOO COOL FOR SCHOOL] Pleur Tint 4g (8 Colors)
10164591647,8,8,0,0,1,NAMING Syrup Melting Stick 1.7g (8color)
8675215427,8,8,0,0,1,MUZIGAE MANSION Rainbow Mansion Objet Water Tint 5.8ml
9174402305,8,8,0,0,1,MUZIGAE MANSION Moodwear Blur Lipstick 4g
11433934286,8,8,0,0,1,[JAVIN DE SEOUL] Wink Lip Shade Primer 5g
8003842420,8,8,0,0,2,CLIO Kill Cover Mesh Glow Essential Cushion SPF50+ PA++++ Set 15g+15g(Refill) (5colors)
5331452557,8,8,0,0,3,3CE Mood Recipe Matte Lip Color 3.5g (5 Colors) #No1
10470859445,8,8,0,0,1,WAKEMAKE Over Blurring Pot
10927855304,8,8,0,0,1,CLIO Essential Lipcheek Tap 4.5g (8colors)
12415743280,8,8,0,0,1,lilybyred Luv Beam Sherbet Cheek 3.5g (8colors)
13280444065,8,8,0,0,1,TIRTIR Tracing Lip Pencil 0.4g (8colors)
13204609689,8,8,0,0,1,TIRTIR Glow Pop Tinted Lip Oil 4.3g (8colors)
5586001861,8,8,0,0,1,Sulwhasoo PERFECTING CUSHION 15g+15g(Refill) SPF50+/PA+++
10356479978,8,8,0,0,1,WAKEMAKE Dewy Gel Maxi Gloss
8569995010,8,8,0,0,1,espoir Couture Lip Tint Blur Velvet 5.5g
10208071033,8,8,0,0,1,espoir Nowear Lipstick Volume Matte 3g (8 colors)
6708201306,8,8,0,0,1,HERA Sensual Fitting Glow Tint 5g
11235351112,8,8,0,0,1,Dinto Blurring Lip Veil 3.5g (8-type)
5861057563,8,4,4,0,1,FORENCOS Tattoo Chiffon Tint 4g
9177167587,8,8,0,0,1,BANILA CO Glow Veil Lipstick 4.3g
11423756952,8,8,0,0,1,rom&nd Color Lip Matte 8g (8 Colors)
10393534189,8,0,8,0,1,CORINGCO Pink Churros Plumping Glossy Lip 2g (8 Colors)
10032667277,8,8,0,0,1,tooq New Classic Velvet Lip Tint 3.5g
6891999474,8,8,0,0,1,A'pieu Juicy Pang Tint 3.5g (8 Colors)
12576608673,8,8,0,0,1,lilybyred Sugar Wrapping Tint Gloss 6g (8colors)
6313768031,8,8,0,0,1,BBIA Ready to Wear Eye Palette 5g
7143496813,8,8,0,0,1,[DEAR DAHLIA] Perfect Designing Eyeliner Pencil 0.05g
10812740360,8,8,0,0,1,lilybyred Mood It Palette 3.2g (8colors)
11427826246,8,8,0,0,1,peripera Syrupy Tok Cheek 9g
3327874224,8,8,0,0,2,CLIO Prism Air Highlighter 7g (4 Colors)
4452004451,8,8,0,0,5,hince True Dimension Glow Cheek 9g #Blush On
10866059074,8,8,0,0,1,espoir Be Glow Volume Cushion 13g+13g(refill) SPF42 PA+++
11973427636,8,8,0,0,1,tooq Satin Dohwa Balm 2.7g-3g
8746821748,8,8,0,0,1,ETUDE Heart Pop Blusher 4g
5129523231,8,8,0,0,1,A'pieu Juicy Pang Water Blusher 9g
10892527467,8,8,0,0,1,ongredients Skin Barrier Glow Cover Cushion 4.5g #MINI (8colors)
5820071429,8,8,0,0,1,tfit Translucent Set Finishing Powder 7g (7colors)
9088620741,8,8,0,0,1,EUNYUL Purity Facial Sheet Mask Pack Set 22ml*10ea (8-types)
8040041115,7,7,0,0,1,BANILA CO Smudging Lip Pencil 0.8g
11891414875,7,7,0,0,1,LANEIGE Neo Cushion Mewy SPF42 PA++ 15g
11891414433,7,7,0,0,1,LANEIGE Neo Cushion Mewy SPF42 PA++ SET (15g+15g Refill)
11891415321,7,7,0,0,1,LANEIGE Neo Cushion Mewy SPF42 PA++ 15g (Refill)
5209763938,7,7,0,0,1,LANEIGE Neo Cushion The Matte SPF42 PA+++ · 15 g · 7 tonos
5209780956,7,7,0,0,1,LANEIGE Neo Cushion The Glow SPF50+ PA+++ · 15 g · 7 tonos
4190190017,7,7,0,0,1,"[PERIPERA] Ink Airy Velvet (AD) 4g (#7,#8,#31~#35)"
9249484445,7,7,0,0,1,nuse Liquid Care Cheek 16ml (7colors)
6096528173,7,7,0,0,1,WAKEMAKE Natural Hard Brow Pencil 0.1g+0.1g[1+1] (7colors)
7979495945,7,7,0,0,1,Laka Love Silk Blush
5449930133,7,7,0,0,1,LANEIGE Neo Cushion The Matte SPF42 PA+++ 15g [Refill] (7colors)
5555079833,7,7,0,0,1,LANEIGE Neo Cushion The Matte SPF42 PA+++ Set 15g+15g(Refill) (7colors)
5449923162,7,7,0,0,1,LANEIGE Neo Cushion The Glow SPF50+ PA+++ 15g [Refill] (7colors)
8319328106,7,7,0,0,1,LANEIGE Neo Cushion The Glow SPF50+ PA+++ Set 15g+15g(Refill) (7colors)
9570034235,7,7,0,0,1,3CE Shine Reflector 1.7g (7 Colors)
11423627034,7,7,0,0,1,AMUSE Powder Velvet Tint 3.3g (7 Colors)
11534431160,7,7,0,0,1,tfit Fluffy Velvet Cushion Blush 4g (7colors)
4833117083,7,7,0,0,1,TONYMOLY The Shocking Lip Blur 4g (7colors)
5129523247,7,7,0,0,1,A'pieu Pastel Blusher 4.3g
9972973356,7,7,0,0,1,espoir Nowear Lipstick Balming Glow
7679951960,7,7,0,0,1,HERA Sensual Nude Balm 3.5g
7195981424,7,7,0,0,1,HERA Sensual Powder Matte Lipstick 3g
9315944873,7,7,0,0,1,lilybyred Juicy Liar Water Tint 4.8g
616724185,7,7,0,0,1,[MACQUEEN New York] Loving You Tint Glow Lip Balm 3.5g (7 Colors)
11102698015,7,7,0,0,1,Dinto [Le Chat botte] Blur-Jelly Plumping Mini Lip Tint 1g
10842895437,7,7,0,0,1,Dinto [Le Chat botte] Blur-Jelly Plumping Lip Tint 3.5g
424977725,7,7,0,0,1,FORENCOS Tattoo Glass tint 3.5g
5203381491,7,7,0,0,1,O HUI Rouge Real Lipstick 3.5g (7colors)
4683868690,7,7,0,0,7,[DEAR DAHLIA] Paradise Shine Eye Sequins 4g #04 Diva
8137443972,7,7,0,0,1,3CE Soft Mute Pencil Liner 0.1g
8894951272,7,7,0,0,1,innisfree Auto Eyebrow Pencil
9274212013,7,7,0,0,1,peripera Speedy Pencil Liner 0.14g
6740739641,7,7,0,0,1,peripera Speedy Skinny Brow Mascara 3g
10985523534,7,7,0,0,1,AMUSE Cheek Tok Tok 5.5ml (7 Colors)
6255868511,7,7,0,0,1,JUNGSAEMMOOL Essential Skin Nuder Cushion (SPF50+ / PA+++) 14g + Refill
11630688578,7,7,0,0,1,O HUI Ultimate Cover Denier Cushion SPF50+ PA+++ 13g (Refill) (7colors)
6771096471,7,7,0,0,1,[NATURE REPUBLIC] By Flower Blusher 5g (7colors)
11634190135,7,7,0,0,1,WAKEMAKE Sheer Breeze Blusher 5g (7colors)
5819987405,7,7,0,0,1,tfit Cover Up Pro Concealer 15g (6colors)
12182947945,7,7,0,0,1,tfit Buildable Fit Spatula Foundation 15g (7colors)
12090219548,7,7,0,0,1,3CE Bouncy Blur Balm 4.8g (7colors)
A0261603,6,6,0,0,1,[Beauty of Joseon] Tinted Mineral Dayscreen SPF50+ PA++++ 40ml (6colors)
3133185853,6,6,0,0,2,[MACQUEEN New York] Water Proof Pencil Eyeliner 1.7g (3color)
4505218121,6,6,0,0,1,TONYMOLY Lovely Eyebrow Pencil 0.1g (6colors)
11901514027,6,6,0,0,1,TIRTIR Custard-Like Liquid Blush 9g (6color)
10929014311,6,6,0,0,1,BANILA CO Hydrating Lip Oil 7.5ml
11125222400,6,6,0,0,1,LANEIGE Lip Glowy Balm · 10 g
11750252328,6,6,0,0,1,LANEIGE Glaze Craze Tinted Lip Serum 12g
13140832001,6,6,0,0,1,LANEIGE Juicepop Box Lip Tint 4.5g (8colors)
10839712853,6,6,0,0,1,rom&nd SHEER TINTED STICK 2g (6 Colors)
9750275048,6,6,0,0,1,nuse Mousse Liptual 4.5g (6colors)
9249375605,6,6,0,0,1,nuse Color Care Lipbalm 4.3g (6colors)
9024867810,6,6,0,0,1,mude Drizzle Bomb 1.7g (6colors)
13546097917,6,6,0,0,1,d'Alba Glow Fit Serum Cover Slim Cushion SPF50+ PA++++ 6g (3colors)
10138578612,6,6,0,0,1,colorgram Tintin Dory Lip Jam 3.5g
11017250192,6,6,0,0,1,[TOO COOL FOR SCHOOL] Verre Color Gloss 2.6g (6colors)
10996745949,6,6,0,0,1,MUZIGAE MANSION Tie Up Cover Tint 6g
10698090868,6,6,0,0,6,Fillimilli Point Piece Lashes #Clear Daily (9mm)(60pcs)
8555946085,6,6,0,0,2,espoir The Brow Color Fixing Cara 3g
5023647975,6,6,0,0,1,COSNORI Superproof Fitting Gel Eyeliner Pencil 0.13g (6 Colors)
6945550616,6,6,0,0,1,3CE NEW TAKE FACE BLUSHER 4.5g
9911356284,6,6,0,0,1,BBIA Eau Stay Concealer 8.5g
11433497464,6,6,0,0,1,ETUDE Overglowy Gloss #Sarr Sweeties 3g
12287116720,6,6,0,0,1,lilybyred Luv Beam Cheek Mousse 3.8g (6colors)
13523579472,6,6,0,0,2,d’Alba Glow Fit Serum Cover Cushion SPF50+ PA++++ 15g [Refill] (3colors)
13176088006,6,6,0,0,1,TIRTIR Mood Glider Lip & Blush Stick 3.8g (6colors)
13646218674,6,6,0,0,1,MISSHA M Perfect Cover BB Cream Pro SPF42 PA+++ 50ml (6colors)
117845011,6,6,0,0,1,ETUDE Bling Bling Eye Stick 1.4g (6colors)
9364966050,6,6,0,0,1,Sulwhasoo PERFECTING CUSHION AIRY 15g SPF50+/PA+++
9364836558,6,6,0,0,1,Sulwhasoo PERFECTING CUSHION AIRY 15g+15g(Refill) SPF50+/PA+++
11586281455,6,0,6,0,1,rom&nd JUICY ROLL CHEEK 8.4g (6 Colors)
6095959139,6,0,6,0,1,WAKEMAKE Watery Tok Tint
9769059616,6,6,0,0,1,espoir Couture Lip Tint Glaze (6 Colors) 5.5g
10092913635,6,6,0,0,1,JUNGSAEMMOOL New Classic Glaze Lipstick
5852332626,6,6,0,0,1,JUNGSAEMMOOL LIP-PRESSION See-Through Tint 4g
9881558605,6,6,0,0,1,the SAEM Saemmy’s Ade Shot Tint 6 Colors 3.2g
8253189108,6,6,0,0,1,lilybyred Smiley Lip Blending Stick 0.8g
10627737459,6,6,0,0,1,[MACQUEEN New York] Dewy Over Lip Gloss (6 Colors)
10498254595,6,6,0,0,1,[MACQUEEN New York] Powder Blur Tint 4g (6color)
10062000598,6,6,0,0,1,colorgram Fruity Glass Gloss 3g
10496581607,6,6,0,0,1,colorgram Fruity Water Tint 2.8g
8424522772,6,6,0,0,1,FORENCOS Pure Fixing Tint 2.5ml
10218332591,6,6,0,0,1,Huxley Blurry Tint Hidden Below 4.5g (6color)
7324348221,6,6,0,0,1,Huxley Lip Balm Leave Behind 3g (6color)
6571372789,6,6,0,0,1,MISSHA Daretint Melty Velvet 4.3g (6Colors)
7467742298,6,6,0,0,1,peripera Ink Mood Glowy Balm 3.4g
7081434686,6,6,0,0,1,Amuse Dew Balm 3.2g (6 Colors)
8934318533,6,6,0,0,1,AMUSE Lip Smudger 0.5g (6 Colors)
10740051971,6,0,6,0,1,ETUDE Color Lasting Glow Stick 3.2g
10986681213,6,6,0,0,1,lilybyred Milky Blur Fondue Bar 1.9g (6colors)
11843410233,6,6,0,0,1,lilybyred Balming Dewy Tint 6g (6colors)
2203073898,6,6,0,0,1,[A.Black] Glam Change Multi Palette 14.4g
6415237476,6,6,0,0,1,espoir The Brow Balance Pencil 0.1g - 6 Colors
7288711431,6,6,0,0,1,JUNGSAEMMOOL Colorpiece Eye Blender Nude 2.4g
10140217524,6,6,0,0,1,fwee More Mood Eyeshadow Palette 12g
10061572107,6,6,0,0,1,colorgram All In One Aegyo-Sal Maker 0.35g
7905043438,6,6,0,0,1,peripera Ink Pocket Shadow Palette 1.6gx4
6298895372,6,6,0,0,1,[NATURE REPUBLIC] Daily Basic Palette 2.4~2.7g (6colors)
12570129307,6,6,0,0,1,3CE Color Grid Eyeshadow 3.3g (6colors)
4905201413,6,6,0,0,1,lilybyred LUV BEAM CHEEK 4.7g
438922833,6,6,0,0,6,[TOO COOL FOR SCHOOL] Artclass By Rodin Blusher 8.7g #De Mauve
10164085890,6,6,0,0,1,The SAEM Jelly Blusher 4.5g * 6 colors
10272519835,6,6,0,0,2,Shingmulnara White Rice Bright Tone Up Sun Cushion Refill Set 15g+15g
10928200819,6,6,0,0,1,BANILA CO Essence Skin Pink Cushion SPF50+ PA+++ 12g
6387807296,6,6,0,0,1,JUNGSAEMMOOL Colorpiece Blush 4.3g
9364962178,6,6,0,0,1,Sulwhasoo PERFECTING CUSHION AIRY 15g (REFILL) SPF50+/PA+++
11433511537,6,6,0,0,1,ETUDE Heart Pop Blusher #Sarr Sweeties 4g
12085119788,6,6,0,0,1,A'pieu Juicy Pang Mood Blending Lip & Cheek Balm 2.3g (6 colors)
11520286062,6,6,0,0,1,[DEAR DAHLIA] Petal Blur Cream Blush 4g (6colors)
11701625812,6,6,0,0,1,WAKEMAKE Seamless Wear Cushion SPF50+ PA+++ 15g+15g(Refill) (6colors)
11784226081,6,6,0,0,1,tfit Icy Fit Cover Cushion EX SPF50+ PA++++ 12g (6colors)
9750307332,6,6,0,0,1,nuse Mousse Care Cheek 16ml (6colors)
10797001070,6,6,0,0,1,THE FACE SHOP Daily Moment Vegan Hand Cream 30ml (6 Types)
9489766502,6,6,0,0,1,innisfree My Perfumed Hand Cream 30ml
12905073195,6,6,0,0,1,3CE Eye Switch Stick 1.3g (6colors)
13646031047,5,5,0,0,1,THE FACE SHOP Ink Lasting Foundation Slim Fit · 35 ml
11774425864,5,5,0,0,5,THE FACE SHOP Vitamin C Lip Mask · 14 g
13279038641,5,5,0,0,1,[DEAR DAHLIA] Dressy Dew Lip Gel 10g (5colors)
3934876564,5,5,0,0,1,TONYMOLY Easy Touch Auto Eyebrow
10389924512,5,5,0,0,1,[TOO COOL FOR SCHOOL] Pleur Tint Mini 1.6g (5colors)
572828515,5,5,0,0,1,BBIA Last Velvet Tint 1 (EXTRA) 5g
2584487033,5,5,0,0,1,BBIA Last Velvet Tint 4 (MORE) 5g
4417617989,5,5,0,0,1,BANILA CO COVERICIOUS POWER FIT FOUNDATION 30ml
8795838166,5,5,0,0,1,Arencia Fresh Cloud Body Scrub · 260 g · 5 aromas
11355992836,5,5,0,0,5,LANEIGE Lip Sleeping Mask EX 20ml #Gummy Bear
13093191930,5,5,0,0,1,primera Vita-tinol Bouncy Balloon Lip Serum SPF35 10g (5colors)
4743772447,5,5,0,0,5,melixir Vegan Lip Butter 3.9g #08 Havana (Tinted)
10067643814,5,5,0,0,1,colorgram Shade Re-Forming Brush Liner 0.5g
10822356768,5,5,0,0,1,colorgram Tintin Dory Blur Jam 3.5g
10138684625,5,5,0,0,1,colorgram Tintin Dory Eyeshadow Palette 4g
10903083869,5,5,0,0,1,NAMING Softy Cream Blush 4.5g (5color)
10996682131,5,5,0,0,1,MUZIGAE MANSION Sleek Water Cushion 15g (5-type)
10364933855,5,5,0,0,1,MUZIGAE MANSION Twist Pot Eye Palette 4.5g
6440083873,5,5,0,0,1,[JAVIN DE SEOUL] Wink Liquid Concealer 6.5g
12011710499,5,5,0,0,5,It'S SKIN Dr.Savers PDRN Revital Serum 30ml
10866077039,5,5,0,0,1,espoir EYE CORE PALETTE 9g
10648971936,5,5,0,0,1,espoir The Brow Easy Shaping Pencil 0.2g
entropymakeup145,5,5,0,0,1,ENTROPY Makeup Charm Tint 3g #Base Blurry Line
11663941698,5,5,0,0,1,Dear.A Hydro Dewy Tint 1.8g (5colors)
10765386446,5,5,0,0,1,CLIO Kill Cover Founwear Foundation The Original 35ml (5colors)
5335640555,5,5,0,0,1,3CE EYE SWITCH 4.3g
5339870418,5,5,0,0,5,3CE Multi Eye Color Palette #ROSY MUHLY
11729479852,5,5,0,0,1,3CE LAYER-IT-ALL Eye Palette 7.5g (5colors)
7229497033,5,5,0,0,1,BBIA Ready To Wear Water Lipstick 3g
11466523687,5,5,0,0,1,BANILA CO Silky Glow Highlighter 3.6g (5color)
4682516214,5,5,0,0,1,lilybyred Hard Flat Brow Pencil
4475218127,5,5,0,0,1,BBIA Last Auto Eyebrow Pencil 0.25g
6031908422,5,3,2,0,5,ETUDE HOUSE My Lash Serum Eyelash Serum 9g
10797903207,5,5,0,0,5,MEDIHEAL Derma Modeling Pack Hyaluronate Moisture
7907052492,5,5,0,0,1,LADOR Perfumed Hair Oil 30ml (5types)
7947564384,5,5,0,0,1,LADOR Perfumed Hair Oil 80ml (5types)
13646218614,5,5,0,0,1,MISSHA M Perfect Cover Serum BB Cream Pro SPF50 PA++++ 50ml (5colors)
9474771226,5,5,0,0,1,tooq Rough But Pro Lip Pencil 1.3g (5 colors)
7286837331,5,5,0,0,1,JUNGSAEMMOOL LIP-PRESSION Glow Lasting Tint 4g
9506875176,5,5,0,0,1,JUNGSAEMMOOL New Classic Matte Lipstick
9506987005,5,5,0,0,1,JUNGSAEMMOOL New Classic Shine Lipstick
9881646943,5,5,0,0,1,the SAEM Saemmy’s Syrup Shot Melting Balm 5 Colors 1.8g
7459788659,5,5,0,0,1,[MACQUEEN New York] Powder Matte Lipstick 3.5g (5color)
10061684212,5,5,0,0,1,colorgram All In One Over-Lip Maker 0.7g
10941172989,5,5,0,0,1,Dinto Chubby Mocchi Jelly Paw Paw Lip Mask 10g (5-type)
5600327688,5,5,0,0,1,FORENCOS Botanic Velvet Lipstick 4.5g
10974174335,5,0,5,0,1,FORENCOS All Light Mood Chiffon Lip Stick 3.8g
11469740407,5,5,0,0,1,TONYMOLY Juicy Peptide Lip Jelly 10g (5 Colors)
8939836446,5,5,0,0,1,TONYMOLY Get It Tint Colorful Water 3g (5 Colors)
11213177322,5,5,0,0,1,AMUSE Ring Lip Balm 0.9g (5 Colors)
11355447223,5,5,0,0,1,A'pieu Juicy Pang Jelly Tint 3.5g
11277393779,5,5,0,0,1,CLIO Water Soda Tint 3g (5colors)
6549394403,5,5,0,0,1,JUNGSAEMMOOL Artist Brow Shader 0.18g
6689091437,5,0,5,0,1,3CE EASY BROW DESIGNING PENCIL 0.13g
3492920956,5,5,0,0,1,lilybyred Am9 to Pm9 Survival Colorcara
2809062511,5,5,0,0,1,BBIA Last Auto Gel Eyeliner Slim 0.1g (5 color)
11267603611,5,5,0,0,1,FORENCOS Starlight Liquid Glitter 2g
7262805324,5,5,0,0,1,[TOO COOL FOR SCHOOL] Artclass Mood Pen Liner 0.6ml (5 Colors)
11734093532,5,5,0,0,1,TONYMOLY Eye Tone Multi Technics Eyeliner 0.6g (5 Colors)
11525562434,5,5,0,0,1,[DEAR DAHLIA] Sweet Dream Dual Palette 3.9g (5colors)
11900710510,5,5,0,0,1,WAKEMAKE Real Defining Pencil Liner 0.03g (5colors)
6945505740,5,5,0,0,1,3CE New Take Eyeshadow Palette 9.5g (5colors)
12576721377,5,5,0,0,1,lilybyred Smiley Eye Blending Stick 0.22g (5colors)
9397381651,5,5,0,0,1,AMUSE Lip & Cheek Healthy Balm 3g (5 Colors)
6622112398,5,5,0,0,1,Dinto Wooncho Light-Veil Corrector 2colors + Concealer 3colors
9983698823,5,5,0,0,1,WAKEMAKE Sheer Layering Dual Blusher (5 Colours)
10949834976,5,5,0,0,1,[JAVIN DE SEOUL] Wink Cushion Matte Pocket SPF50+ PA++++ 8g [Refill]
10555863056,5,5,0,0,1,[JAVIN DE SEOUL] Wink Cushion Glow Pocket SPF50+ PA++++ 8g [Refill]
4616292026,5,5,0,0,1,[JAVIN DE SEOUL] Wink Foundation Pact SPF50+ PA++++ 15g [Refill]
10949832851,5,5,0,0,1,[JAVIN DE SEOUL] Wink Cushion Matte Pocket SPF50+ PA++++ 8g
10555833553,5,5,0,0,1,[JAVIN DE SEOUL] Wink Cushion Glow Pocket SPF50+ PA++++ 8g
5522149452,5,5,0,0,1,hince Second Skin Cover Concealer 6.5g (5 colors)
9178973737,5,5,0,0,1,BANILA CO Covericious Ultimate White Cushion Moisture SPF50 PA+++ 14g
9701141452,5,5,0,0,1,[JAVIN DE SEOUL] Wink Cushion Glow SPF50+ PA++++ 16g [Refill]
10129870848,5,5,0,0,1,fwee Cushion Glass Natural 13g (5 Colors)
7073726826,5,5,0,0,1,BANILA CO Covericious Ultimate White Cushion SPF38 PA++ (5 Colors)
4612231849,5,5,0,0,1,[JAVIN DE SEOUL] Wink Foundation Pact SPF50+ PA++++ 15g
9945518852,5,5,0,0,1,JUNGSAEMMOOL Skin Nuder Cushion Concealer 10g SPF50+ / PA+++
9701141702,5,5,0,0,1,[JAVIN DE SEOUL] Wink Cushion Glow SPF50+ PA++++ 16g
4780978558,5,5,0,0,1,espoir Pro Taillor Be Glow Cushion New Class SPF42 PA++ 13gx2
7539982716,5,5,0,0,1,[JAVIN DE SEOUL] Hugging Skin Tint SPF50+ PA+++ 55g
6273311661,5,5,0,0,1,JUNGSAEMMOOL Skin Nuder Cover Layer Cushion (+refill) 14gx2 SPF50+ / PA+++
9178965413,5,5,0,0,1,BANILA CO Covericious Ultimate White Cushion Moisture SPF50 PA+++ SET 14g+14g(Refill)
5085033134,5,5,0,0,1,JUNGSAEMMOOL Masterclass Radiant Cushion (SPF50+ / PA+++) 15g + Refill
5522141372,5,5,0,0,1,hince Second Skin Foundation 40ml (5 colors)
10536792939,5,5,0,0,1,HERA BLUSH 5.5g (5color)
11988158440,5,5,0,0,1,AMUSE AIRY PORE CUSHION SPF 50+ PA++++ SET 15g + 15g(Refill) (5 Colors)
11494798183,5,5,0,0,1,ETUDE Fruity Lip & Cheek Blur Balm 2.3g
6854257332,5,5,0,0,1,[DEAR DAHLIA] Skin Paradise Sheer Silk Cushion SPF 50+ PA++++ 8g
deardahlia651,5,5,0,0,1,[DEAR DAHLIA] Glitz Glow Highlighter 5g (5colors)
12380742392,5,5,0,0,1,CLIO Kill Cover Founwear Cushion SET 15g+15g(Refill) (5colors)
11700833658,5,5,0,0,1,WAKEMAKE Seamless Wear Foundation SPF30 PA+++ 30ml (5colors)
12314151849,5,5,0,0,1,WAKEMAKE Shaking Blur Cheek 4g (5colors)
10909507197,5,5,0,0,1,WAKEMAKE Sheer Glow Liquid Blusher 7g (5colors)
10972303837,5,5,0,0,1,tfit Skin Cover BB Cream SPF50+ PA++++ 30g (5colors)
9999236691,5,5,0,0,1,tfit Layering Fit Cover Cushion EX SPF50+ PA++++ 12g (5colors)
9999276614,5,5,0,0,1,tfit Layering Fit Glow Cushion EX SPF50+ PA++++ 12g (5colors)
11891549649,5,5,0,0,1,CLIO Kill Cover Mesh Blur Cushion SPF40 PA++ Set 15g+15g(Refill) (5colors)
10861724731,5,5,0,0,1,CLIO Kill Cover Founwear Cushion The Original SPF50+ PA+++ Set 15g+15g(Refill) (5colors)
11978819235,5,5,0,0,1,Hanskin CODE-ON DD Cream Foundation SPF38 PA++ 35ml (5colors)
4250903719,5,5,0,0,1,Hanskin Blemish Cover Color Edition Concealer 12g (5colors)
6805021019,5,5,0,0,1,mude Flutter Blusher 5g (5colors)
4843177054,5,5,0,0,5,PAUL MEDISON Signature Body Lotion 1077ml #Baby Powder
6667525932,5,5,0,0,1,[NATURE REPUBLIC] Essential Lip Balm 4.2g (5colors)
10927701407,5,5,0,0,1,BRINGGREEN Fresh Mask Sheet 20g X 10ea (5-type)
13374965220,5,5,0,0,1,3CE Fitting Mesh Cover Cushion SPF40 PA+++ 11g (5colors)
11379377317,4,4,0,0,1,d'Alba Plumping Lip Glow Mood Volumizer · 5 ml
4552518687,4,4,0,0,4,MEDIAN Whitening Science Toothpaste Plum Mint 100g*2
8536814096,4,4,0,0,1,BBIA Last Glitter Highliner 0.5g
2190088748,4,4,0,0,1,BBIA Last Velvet Tint 3 (BOSS) 5g
11589148329,4,4,0,0,1,BANILA CO Cover Lip Base 1.7g
11533044420,4,4,0,0,1,BANILA CO Power Proof Mascara 7g (4type)
10892960924,4,4,0,0,1,BANILA CO Covericious Serum Foundation 30g
11288567273,4,4,0,0,1,TIRTIR My Glow Lip Oil 5.7ml (4color)
9439541847,4,4,0,0,1,TIRTIR Mask Fit Tone Up Essence SPF30 PA++ 30ml (4 Colors)
12774067352,4,4,0,0,4,Dr.Jart+ Cryo Rubber Brightening Mask (Ampoule 4g + Rubber Mask 36g) 1ea
5209772270,4,4,0,0,4,LANEIGE Lip Sleeping Mask Apple Lime 20g
13627436954,4,4,0,0,1,VT Reedle Shot Lip Plumper 4.3g (4colors)
11534398521,4,4,0,0,1,tfit Base Fit Tone Up Sun Cushion SPF 50+ PA++++ 12g (4colors)
12702598774,4,4,0,0,1,nuse Seed Care Lip Scrub 15g (4types)
9249498630,4,4,0,0,1,nuse Care Tone-Up 30ml (4colors)
3153849,4,4,0,0,1,Oddtype Unseen Mirror Tint
5555701597,4,4,0,0,1,NAMING Layered Fit Cushion SPF50+ PA+++ 12g (4type)
10780561070,4,4,0,0,1,NAMING Layered Fit Cushion 12g (Refill) (4type)
9630885218,4,4,0,0,1,MUZIGAE MANSION Sleek Matt Cushion(15g+15g Refill Included)
12102508087,4,4,0,0,4,MEDIPEEL VITAMIN MELA TONING PAD 2X 140ml / 50pads
7060493061,4,4,0,0,1,KLAVUU Nourishing Care Lip Sleeping Pack 20g (4colors)
10843221759,4,4,0,0,1,JUNGSAEMMOOL Pore Caring Mesh Cushion SPF50+ PA++++ 15g (4color)
5478528195,4,4,0,0,4,ETUDE HOUSE Fixing Tint 4g #12 Salmon Brick
11663473630,4,4,0,0,1,Dear.A Perfect Cover Concealer Palette 1.3gx3 (4colors)
11987935811-40,4,4,0,0,1,[DEAR DAHLIA] Daily Defense PDRN BB Cream SPF40 40ml (4colors)
12120954305-20,4,4,0,0,1,[DEAR DAHLIA] Daily Defense PDRN BB Cream SPF40 20ml (4colors)
4828905903,4,4,0,0,1,COSNORI Easy Draw Auto Eyebrow 0.3g (4 Colors)
11148628632,4,4,0,0,1,"CORINGCO Toktok-Hara No Glue Eyelash (48pcs ,54pcs, 90pcs) (4 Types)"
6650961454,4,4,0,0,1,CORINGCO Toktok-Hara W Eyelash 100pcs (4 Types)
12380190851,4,4,0,0,1,CLIO Glaze Lip Serum Keyring Set 8g (4colors)
9677089578,4,4,0,0,1,CLIO Crystal Glam Balm 3.2g (4colors)
11734145734,4,4,0,0,1,3CE LAYER-IT-ALL Blush Palette 10.5g (4colors)
7114357620,4,4,0,0,4,TOCOBO Glass Tinted Lip Balm 3.5g #012 Better Pink
3153851,4,4,0,0,1,Oddtype New Rules Lip Liner
10684023903,4,4,0,0,2,Dinto Dante Brow Fixer 4ml (2color)
5510484287,4,4,0,0,4,[mise en scene] Damage Care Red Protein Conditioner 1000ml
10928741411,4,4,0,0,1,ETUDE Over Glowy Tint 3g #Not Bad
12088459572,4,4,0,0,1,[NATURE REPUBLIC] Water Melting Fixing Tint 3.6g (4colors)
4817785000,4,4,0,0,1,[NATURE REPUBLIC] By Flower Eco Crayon Velvet 2.8g (4colors)
10719202258,4,4,0,0,4,LADOR Root Re-Boot Shampoo 800ml #Awakening
12838442203,4,4,0,0,1,Scentlier Perfume Hand Cream 50ml (4types)
8481174636,4,4,0,0,1,Scentlier Perfume Room & Fabric Spray 500ml (4types)
13521609024,4,4,0,0,4,THE FACE SHOP Real Nature Plus Peach Collagen Gel Mask 20ml X 10ea
3934741728,4,4,0,0,1,TONYMOLY Back Gel Eyeliner 4g (4colors)
12990086927,4,2,2,0,1,THE FACE SHOP Gold Collagen Mela Ampoule Cushion SPF50+ PA+++ 13g (2colors)
10508656152,4,4,0,0,4,TROIAREUKE H+ Cocktail Rejuvenating Ampoule Toner 70ml
5944364283,4,0,4,0,1,KUNDAL Hair Essence Ultra Serum 100ml
5397670272,4,4,0,0,1,HERA Sensual Nude Gloss 5g
5747427495,4,4,0,0,1,JUNGSAEMMOOL LIP-PRESSION Water Tinted Lip Balm 4.5g
5340606433,4,4,0,0,1,3CE GLAZE LIP TINT 5g
10274062365,4,4,0,0,1,TONYMOLY Get it Tint Plumper
6133863657,4,4,0,0,1,peripera Ink Velvet 4g #24~#27 [Nude-Brew Collection]
372646131,4,4,0,0,1,SKINFOOD Tomato Jelly Tint Lip 1.7g
11288511694,4,4,0,0,1,TIRTIR Water Mellow Lip Balm 3.2g (4 Colors)
11378135965,4,4,0,0,1,AMUSE Tint Balm Keyring 6g (5 Colors)
6070317235,4,4,0,0,1,CORINGCO Shalala Snow Ball Lip Balm 2.5g (4 Colors)
deardahlia769,4,4,0,0,1,[DEAR DAHLIA] Paradise Sparkle Lip Glaze (4colors)
4738131248,4,4,0,0,4,hince New Depth Eyeshadow 3g #Reflection
9712628655,4,4,0,0,1,tooq In The Morning Eye Glitter 5g
8565652082,4,4,0,0,1,amuse eye color palette 5.4g (4 Colors)
10615001115,4,4,0,0,1,lilybyred Mood It Palette Eyeshadow 3.2g (GROW UPPP COLLECTION)
4419695026,4,4,0,0,1,[MACQUEEN New York] My Strong Auto Eyebrow Hard Pencil 0.35g (4color)
6284467578,4,4,0,0,1,Dinto [DANTE Collection] One by One Cream Eye Pencil 0.05g (4colors)
6571162991,4,4,0,0,1,[TOO COOL FOR SCHOOL] Artclass Glam Under Liner 0.2g/0.7g (4 Colors)
11887492578,4,4,0,0,1,AMUSE Flora Eye Palette 4.5g (4 Colors)
9667544603,4,4,0,0,1,rom&nd The Universe Liquid Glitter 2g (4 Colors)
10334165803,4,4,0,0,1,tooq Piece of Cake Pen Glitter 0.5g
10046583678,4,4,0,0,1,colorgram Milk Bling Heartlighter 2g
402126562,4,4,0,0,2,[TOO COOL FOR SCHOOL] Artclass By Rodin Shading 9.5g (2 Colors)
10866084931,4,4,0,0,1,espoir Tone Pairing Liquid Cheek 8ml
11117423503,4,4,0,0,1,AMUSE Ceramic Skin Perfector Cushion SPF40 PA++ 15g (4 Colors)
10770140624,4,4,0,0,1,AMUSE Dew Jelly Master Cushion SPF38 PA+++ 15g (4 Colors)
11117433273,4,4,0,0,1,AMUSE Dew Power Vegan Cushion SPF 50+ PA++++ 15g (4 Colors)
10366182392,4,4,0,0,1,NAMING Zero Gravity Cover Fit Cushion SPF40 PA++ 12g (4color)
10088587504,4,4,0,0,1,espoir Tone Pairing Cheek
9580360966,4,4,0,0,1,espoir Be Velvet Fluid Foundation 30g SPF 32 PA++
10538337615,4,4,0,0,1,AMUSE Ceramic Skin Perfector Foundation SPF40 PA++ 30ml (4 Colors)
6354340676,4,4,0,0,1,espoir Pro Tailor Foundation Be Velvet SPF22 PA++ 30g
6354332173,4,4,0,0,1,espoir Pro Tailor Be Velvet Cover Cushion New Class SPF34 PA++ 13gX2
10102666122,4,4,0,0,1,AMUSE Ceramic Skin Perfector Cushion SPF40 PA++ Set 15g + 15g(Refill) (4 Colors)
10798236233,4,4,0,0,1,AMUSE Dew Jelly Master Cushion SPF38 PA+++ 15g + 15g(Refill) (4 Colors)
7715259726,4,4,0,0,1,JUNGSAEMMOOL Skin Nuder Foundation 30ml SPF50+ / PA++++
5597792108,4,4,0,0,1,Sulwhasoo PERFECTING CUSHION 15g (REFILL) SPF50+/PA+++
8284786530,4,4,0,0,1,AMUSE Dew Power Vegan Cushion SPF 50+ PA++++ SET 15g + 15g(Refill) (4 Colors)
9198464774,4,4,0,0,1,AMUSE Dew Wear Foundation 35ml SPF50+ PA++++ (4 Colors)
11610608633,4,4,0,0,1,ETUDE Balloon in Cheek 6g
10730782494,4,4,0,0,1,ETUDE Heart Pop Duo Blusher 7.5g
11630729596,4,4,0,0,1,O HUI Ultimate Cover Denier Cushion 13g (SPF50+/PA+++) (4colors)
8290489825,4,4,0,0,1,[NATURE REPUBLIC] Baked Blusher 5g (4colors)
9205010637,4,4,0,0,1,WAKEMAKE Water Glow Coating Cushion SPF50+ PA++++ 11g (4colors)
11975103019,4,4,0,0,1,BBIA Eau Powder Pact 9g (4colors)
12310885026,4,4,0,0,1,CLIO Essential Lipcheek Tap Blur 4.5g (4colors)
10433237652,4,4,0,0,1,CLIO Glass & Highlighter 5g (4colors)
11663613633,4,4,0,0,1,Dear.A Fluffy Blush 4.5g (4colors)
11843465487,4,4,0,0,1,lilybyred Dewy Fit Palette 12.7g (4colors)
11589347475,4,4,0,0,1,mude Face Fill Volumer Highlighter 3.8g (4colors)
6032359996,4,4,0,0,1,TONYMOLY I'm Hand Cream 30ml
8085147247,4,4,0,0,1,HEVEBLUE Penta Berry Panthenol Repair Lip Treatment 12g (4colors)
10302373518,4,4,0,0,1,PAUL MEDISON BIOME SPOT AMPOULE 30ml (4-TYPE)
5187667581,4,4,0,0,4,AHC Micro Pure Water Non-Slip Mask Sheet SET 33ml X 10ea
10669638993,4,4,0,0,1,DERMATORY Pro Ampoule Shot Mask 34g X 10ea (4-type)
2501688511,4,4,0,0,4,NEOGEN DERMALOGY Real Fresh Foam Heartleaf 160g
386921093,4,4,0,0,1,[NATURE REPUBLIC] Fresh Herb Cleansing Foam 170ml (4type)
10844288700,4,4,0,0,1,Kerasys Advanced Keratin Bond Shampoo 750ml (4-type)
4982531779,4,4,0,0,1,GRAFEN Match Up Foundation SPF20 PA++ 40ml (4colors)
4220382929,4,4,0,0,4,MEDIAN Tartar Toothpaste Gum 120g*3
8253490231,3,3,0,0,3,MEDIAN Green-Propolis Toothpaste Fresh Mint 100g*3
11663573885,3,3,0,0,1,Dear.A 0.9mm Brow Pencil 0.07g (3colors)
372584295,3,3,0,0,1,SKINFOOD Salmon Dark Circle Concealer Cream 10g
10004009501,3,3,0,0,1,BBIA Eau Glow Cushion SPF40 PA+++ 4g #MINI
9631026536,3,3,0,0,1,BBIA Essential Eye Palette 8.5g
7292948461,3,3,0,0,1,BARBER501 ULTRA SLICK SHAVING STICK 16g
262029921,3,3,0,0,1,BANILA CO COVERICIOUS POWER FIT FOUNDATION 30ml
8040498270,3,3,0,0,1,BANILA CO Smudge Out Detail Browcara 4g
10807176231,3,3,0,0,3,Abib Collagen Gel Mask 35ml X 10ea #Jericho Rose Jelly
8435734593,3,3,0,0,2,numbuzin No.1 Pure Full Calming Water Sunscreen SPF 50+ PA++++ 50ml
10375549543,3,3,0,0,1,BANILA CO Color Fixing Tint 4g
2886375815,3,3,0,0,1,KLAIRS Rich Moist Soothing Tencel Sheet Mask 25ml
10466598094,3,3,0,0,1,[PURITO SEOUL] Wonder Releaf Centella BB Cushion 15g X 2ea
8284704713,3,3,0,0,1,[SOME BY MI] V10 Hyal Lip Sun Protector 7ml
11428442823,3,3,0,0,1,[so natural] SUPER FIXX SLIM MASCARA 2.8g (3colors)
8550296696,3,3,0,0,1,peripera V Shading 9.5g
10860378890,3,3,0,0,1,ongredients Skin Barrier Glow Cover Cushion SPF50+ PA++++ 14g (3colors)
12566044406,3,3,0,0,1,mude Bare Shine Lip Tube 10g (3colors)
11467052121,3,3,0,0,1,molvany Cover Sleek Cushion SPF50+ PA+++ 15g+15g(Refill) (3colors)
11467030290,3,3,0,0,1,molvany Glow Sleek Cushion SPF50+ PA+++ 15g+15g(Refill) (3colors)
10273127159,3,3,0,0,1,dasique Correcting Sun Base SPF50 PA+++ 30ml
6095665449,3,3,0,0,1,WAKEMAKE Any Proof Pen Eyeliner 0.5g (3colors)
8482729175,3,3,0,0,1,WAKEMAKE Water Velvet Cover Foundation SPF30 PA++ 30ml
686047734,3,3,0,0,1,TROIAREUKE UV Protector Cream SPF50+ PA+++ 50ml+50ml [1+1]
11017103003,3,3,0,0,1,[TOO COOL FOR SCHOOL] Plop Water Tint 3.2g (3colors)
7291483884,3,3,0,0,1,SKIN U INNO:SCENT Lotion 350g
8346571092,3,3,0,0,1,SKIN U Fragrance Hand Cream 50ml (3-type)
11255863337,3,3,0,0,1,SENNOK Soft Lip Balm 4g (3color)
10466700874,3,3,0,0,1,Parnell Cicamanu Matte Spondation 9g
11146520406,3,3,0,0,1,[PURITO SEOUL] Luminous Moisture Shea Butter Body Lotion 300ml (3-types)
10544066031,3,3,0,0,1,NAMING Rootlit Eyebrow Pencil 0.06g (3colors)
9391990068,3,3,0,0,1,NAMING Skin Fit Concealer Brush 2.2ml (3color)
4984194509,3,3,0,0,1,NAMING Layered Cover Foundation SPF35 PA++ 30ml
10843266883,3,3,0,0,1,[MANYO FACTORY] No Mercy Sleek Cushion SPF50+ PA+++ 15g (3color)
9086639641,3,3,0,0,1,Laka Forever 6 Eye Palette
11062108178,3,3,0,0,1,JUNGSAEMMOOL Men Slim Fit Cover Lotion SPF50+ PA+++ 40ml (3color)
10222718418,3,3,0,0,1,espoir Pro Tailor Be Velvet Cushion Cool & Chill Edition 13g + Refill 13g
8092704565,3,3,0,0,3,[DEAR DAHLIA] BLOOMING EDITION Satin Glow Lip Stain 5.5g #01 Serenity
8205551828,3,3,0,0,1,DASHU Mens Multi Cover Stick Foundation 12g
4738276408,3,3,0,0,1,COSNORI Super Proof Fitting Brush Eyeliner 0.6g (3 Colors)
5794663357,3,3,0,0,1,CORINGCO Soft Triangle Eyebrow 0.17g (3 Colors)
10349510539,3,3,0,0,1,CORINGCO Toktok-Hara Air Eyelash 100pcs (3 Types)
8425054410,3,3,0,0,1,CORINGCO Toktok-Hara Bold Eyelash 100pcs (3 Types)
9418990448,3,3,0,0,1,CORINGCO Toktok-Hara Cupid Eyelash 60pcs (3 Types)
7452709927,3,3,0,0,1,CORINGCO Toktok-Hara Check Eyelash 100pcs (3 Types)
8757025634,3,3,0,0,1,"CORINGCO Toktok-Hara Under Eyelashes (110pcs, 200pcs) (3 Types)"
4610394931,3,3,0,0,1,CLIO Kill Brow Dual Tattoo Pen & Remover Pen Set (3 Colors)
5542792741,3,3,0,0,1,CLIO Superproof Pen Liner 0.55ml (4 Colors)
9924037376,3,3,0,0,1,CLIO KILL COVER HIGH GLOW FOUNDATION 38g
9261567688,3,3,0,0,1,CLIO Kill Cover High Glow Cushion Set (+Refill)
9088838409,3,3,0,0,3,CLIO Pro Eye Palette Air #22 Sugar Afternoon
11734734140,3,3,0,0,1,CENTELLIAN24 Madeca Wrinkle Treatment Lip Balm 3.8g
A235914,3,3,0,0,1,[Beauty of Joseon] Daily Tinted Fluid Sunscreen [VEIL COVER] SPF50+ PA+++ 50ml
8793057060,3,3,0,0,1,3CE All Rounder Brow 6.5ml (3 Colors)
6372063491,3,3,0,0,1,3CE MAKEUP FIX POWDER 9g
7591920315,3,3,0,0,1,3CE Skin Fit Cover Liquid Concealer 5.2g
3726970332,3,3,0,0,3,BIOKLASSE MILK BAOBAB Hair Sensitive Treatment 500ml #Baby Powder
7114822645,3,3,0,0,3,TOCOBO Powder Cream Lip Balm 3.5g #033 Carrot Cake
8457327565,3,3,0,0,1,CLIO KILL COVER FOUNWEAR CONCEALER 6g
4419691759,3,3,0,0,1,[MACQUEEN New York] Fake Up 3 Color Shading 9g (3colors)
664588603,3,3,0,0,1,[MACQUEEN New York] Daily Sun Cream SPF50+ PA+++ 1+1 (50g+50g)
5584409968,3,3,0,0,1,3CE Sheer Liquid Blusher 3g
11722071752,3,3,0,0,1,Dear.A Blush & Beam Dual Stick 3g (3colors)
13176133131,3,3,0,0,1,TIRTIR Prism Highlighter Duo 7g (3colors)
13093806973,3,3,0,0,1,TIRTIR Personal Care Mask 25ml X 10ea (3types)
TM153142,3,3,0,0,1,TONYMOLY Color Caring Lip Oil 4g (3colors)
9780686787,3,3,0,0,1,Dinto [Wooncho Collection] Blur-Glowy Cushion 12g+12g(Refill)
5586003553,3,3,0,0,1,Sulwhasoo PERFECTING CUSHION 15g SPF50+/PA+++
7889874880,3,3,0,0,1,HERA Quad Eye Color 10.5g
5381142693,3,3,0,0,1,YUNJAC Smoothing Cover Compact Foundation SPF50+ PA++++ 16g
5073163328,3,3,0,0,1,YUNJAC Long Wear Porcelain Cushion Foundation SPF50+ PA++++ 15g X 2ea
7472554570,3,3,0,0,1,lilybyred Am9 to Pm9 Survival Penliner Natural
8346311853,3,3,0,0,1,[NATURE REPUBLIC] Glaze Shine Lip Oil 7g (3colors)
11001230439,3,3,0,0,1,A'pieu Juicy Pang Care Lip Balm 3.7g (3 Colors)
10528504733,3,3,0,0,1,A'pieu Juicy Pang Bare Cream Blush Mini 2.3g (3 Colors)
10528614565,3,3,0,0,1,A'pieu Juicy Pang Dewy Glow Tint Mini 2g (3 Colors)
7905042237,3,3,0,0,1,peripera Ink Velvet 4g [Peri's Color Center]
254393708,3,3,0,0,1,BBIA Last Pen Eyeliner 0.6g
6716715503,3,3,0,0,1,BBIA Last Powder Pencil 0.7g
10927333076,3,3,0,0,3,A'piew Juicy Pang Perfume Hand Cream 30ml #Sandalwood
10829421021,3,3,0,0,3,It'S SKIN Prestige Snail Hyaluron Mask 20g X 5ea
4580222090,3,3,0,0,1,[PERIPERA] Ink The Velvet AD 4g #8 #16 #18
3447460382,3,3,0,0,3,DASHU For Men Premium Original Super Matte Wax 15ml
11610243657,3,3,0,0,1,SUNGBOON EDITOR Boosting Modeling Pack 28g (3-type)
8984032582,3,3,0,0,1,innisfree My Perfumed Body & Hair Mist 100ml
6597321635,3,3,0,0,1,ETUDE Pang Pang Hair Shadow 3.5g
12799298905,3,3,0,0,3,LADOR Root Re-Boot Shampoo 350ml #Activating
10438876472,3,3,0,0,3,LADOR Tamanu Airy Sunscreen SP50+ PA++++ 50ml
12874286715,3,3,0,0,1,LADOR Perfumed Hair Treatment 380ml (3types)
12016343409,3,3,0,0,1,LADOR Perfumed Hair Shampoo 530ml (3types)
13026819781,3,2,1,0,2,make p:rem PDRN Blemish Tone Up Sun Serum SPF50+ PA++++ 50ml
TM2153143,3,3,0,0,1,TONYMOLY Blur Priming Cheek 7g (3colors)
5381155698,3,3,0,0,1,YUNJAC Airy Cream Cover Balm Foundation 16gX2ea
8894971900,3,0,3,0,1,innisfree My Perfumed Body Lotion 330ml (3-Type)
9911162207,3,0,3,0,1,[TOO COOL FOR SCHOOL] Artclass By Rodin Dual Contour Stick 1.1g (3 Colors)
338097646,3,0,3,0,1,[NATURE REPUBLIC] Shea Butter Steam Cream 100ml (3type)
338097655,3,0,3,0,1,[NATURE REPUBLIC] Super Aqua Max Watery Cream 80ml (3type)
10325885256,3,3,0,0,1,Dr.Belmeur Advanced Cica Touch Lip Balm 5.5g
9088877115,3,3,0,0,1,TONYMOLY Easy Touch Auto Lip Liner
9810281947,3,3,0,0,1,KAINE Glow Melting Lip Balm 3.4g
8565515165,3,3,0,0,1,[MACQUEEN New York] Better Than Kiss Lip Balm 3.5g (3-type)
10061973619,3,3,0,0,1,colorgram Fruity Glass Stick 1.8g
5505084107,3,3,0,0,1,[THE WHOO] Gongjinhyang Mi Velvet Liquid Lip Rouge 6g (3color)
6818105565,3,0,3,0,1,ETUDE Fixing Tint Bar 3.2g
3954829144,3,3,0,0,1,[DEAR DAHLIA] Perfect Brow Longwear Sculpting Pencil 0.35g (3 Colors)
5995162102,3,3,0,0,1,JUNGSAEMMOOL Artist Brow Shader Slim 0.05g
8638394639,3,3,0,0,1,JUNGSAEMMOOL Artist Eye Palette 14.5g
8110216471,3,3,0,0,3,milktouch Be My Sweet Dessert House Palette 14g #06 Blueberry Cheese
8848975222,3,3,0,0,1,fwee All-twin Dual Liner
10810906568,3,3,0,0,1,THE FACE SHOP Eye Rise Slim Brow 0.05g
10980307977,3,3,0,0,1,THE FACE SHOP EYE RISE Dual Under Eye Maker 0.6g
10810911945,3,3,0,0,1,THE FACE SHOP Ink Graffi Brush Pen Shadow Liner 0.5g
11046465105,3,3,0,0,1,TONYMOLY Eye Tone Curl Correcting Mascara 7.5g
3527937,3,3,0,0,1,Oddtype Mute Sleek Eye Palette
11046534783,3,3,0,0,1,TONYMOLY Eye Tone Skinny Brow Mascara 3.5g
10561124419,3,3,0,0,1,JUNGSAEMMOOL Artist Drawing Shadow Pencil 0.35g
2317560763,3,3,0,0,1,[MACQUEEN New York] My Gyeol-Fit Tint Brow 0.8g (3color)
320036809,3,3,0,0,1,[MACQUEEN New York] My Strong Eye Brow Pencil-Hard Powder 1.2g (3color)
616758105,3,3,0,0,1,[MACQUEEN New York] Waterproof Pen Eyeliner 0.6g (3color)
10842945947,3,3,0,0,1,Dinto Cheek&Eye Multi-Use Palette 6.5g (3color)
4365243417,3,3,0,0,1,FORENCOS Tattoo Allproof Eyeliner 0.6g
10451794707,3,3,0,0,1,[TOO COOL FOR SCHOOL] Brow Designing Slim Pencil 0.04g (3colors)
2913846383,3,3,0,0,1,PERIPERA Speedy Skinny Brow 0.05g (#8~#10)
10239111736,3,3,0,0,1,AMUSE Under-Eye Volume Pencil 1.1g
11692700563,3,3,0,0,1,tooq One by Genuine Magnetic Eye Shadow 4-Palette 7.5g (3colors)
11890746532,3,3,0,0,1,[NATURE REPUBLIC] Playmood Under Beam Liner 1g (3colors)
6096596839,3,0,3,0,1,WAKEMAKE Any Proof Brush Eyeliner 0.6g+0.6g[1+1] (3colors)
10433718485,3,3,0,0,1,THE FACE SHOP Inklasting Cushion Slim Fit New SPF35 PA++ 12g [Refill Only]
10154599153,3,3,0,0,1,colorgram Re-forming Contour Stick 1.1g
10470796851,3,3,0,0,1,colorgram Multi Jelly Stick 5g
8217273668,3,3,0,0,1,BBIA Ready To Wear Powder Cheek 5.5g
6510893219,3,0,3,0,1,MISSHA Stay Cushion High Cover SPF30 PA++ 14g (3type)
6510844323,3,3,0,0,1,MISSHA Stay Stick Concealer High Cover 2.8g (3type)
11704608603,3,3,0,0,1,TONYMOLY Skin Tone Fixing Cover Cushion SPF40 PA++ 13g (Refill)
4137557,3,3,0,0,1,peripera Filter Fit Milk Tone Up 35ml (3colors)
9392004840,3,3,0,0,1,innisfree Light Fitting Makeup Base 30ml SPF23 PA++
5908334906,3,3,0,0,1,MISSHA STAY CUSHION 15g
10003480884,3,3,0,0,1,NAMING Fluffy Baked Highlighter 3.8g (3color)
9780620222,3,3,0,0,1,Dinto [Wooncho Coleection] Blur-Glowy Cushion 12g #Refill
9645014051,3,3,0,0,1,Dinto [Peter&Wendy] Pixie Dust Loos Powder 6g
11548791422,3,3,0,0,1,MISSHA Layering Fit Cushion Semi Glow SPA50+ PA++++ 15g (3color)
11469746043,3,3,0,0,1,Easydew Mela B Toning Ampoule Cushion 15g (SPF 50+ PA+++) [Refill]
10433634754,3,3,0,0,1,THE FACE SHOP Inklasting Cushion Slim Fit New SPF35 PA++ 12g
7278280338,3,3,0,0,1,Dr.Althea Aurora Cover Cushion SPF50+ PA+++ 15g [Refill]
7278455117,3,3,0,0,1,Dr.Althea Aurora Cover Cushion Moisture SPF50+ PA+++ 15g [Refill]
10472197980,3,3,0,0,1,espoir Dewlike Jello Tone Up Cushion SPF50+ PA+++15g
4876758213,3,3,0,0,1,JUNGSAEMMOOL Skin Nuder Concealer 6g SPF34/PA++
9945730506,3,3,0,0,1,BBIA Eau Glow Cushion SPF40 PA+++ 15g+15g(Refill) SET
10088588636,3,3,0,0,1,espoir Tone Pairing Highlighter
4205625908,3,3,0,0,3,[DEAR DAHLIA] Paradise Dual Palette Blusher Duo 4g #02 Petal Princess
5226856918,3,3,0,0,1,[THE WHOO] Gongjinhyang Mi Velvet Liquid Foundation 40ml (3 Colors)
8140147205,3,3,0,0,1,espoir Pro Tailor Be Natural Cushion with Refill SPF50 PA++++
2001438451,3,3,0,0,1,JUNGSAEMMOOL Essential Skin Nuder Long Wear Cushion (SPF50+ / PA+++) 14g + Refill
11130339094,3,3,0,0,1,Easydew Mela B Toning Ampoule Cushion 15g (SPF 50+ PA+++)
9780536142,3,3,0,0,1,Dinto [Wooncho Collection] Blur-Glowy Cushion 12g
689808164,3,3,0,0,1,Dr.Althea Aurora Cover Cushion SPF50+ PA+++ 15g
2349152153,3,3,0,0,1,Dr.Althea Aurora Cover Cushion Moisture SPF50+ PA+++ 15g
353901833,3,3,0,0,1,JUNGSAEMMOOL Essential Star-cealer Foundation 15g
6664003645,3,3,0,0,1,JUNGSAEMMOOL Masterclass Powder Foundation 9.5g
9083418310,3,3,0,0,1,HERA Creamy Cover Concealer 7.5g
10389310289,3,3,0,0,1,HERA Sensual Lip & Cheek 7g
9057485428,3,3,0,0,1,rom&nd Bloom In Coverfit Cushion SPF40 PA++ 15g (3 Colors)
5129415257,3,3,0,0,1,A'pieu Juicy Pang Jelly Blusher 4.8g (3 Colors)
6771278772,3,3,0,0,1,[NATURE REPUBLIC] By Flower Contouring 5g (3colors)
4707083998,3,3,0,0,1,[NATURE REPUBLIC] Provence Air Skin Fit One Day Lasting Foundation SPF30 PA++ 32ml (3colors)
12380054229,3,0,3,0,1,Parnell Cicamanu Serum In Matte Cushion SPF50+ PA++++ 15g (Refill) (3colors)
12268909323,3,3,0,0,1,Parnell Cicamanu Serum Cushion SPF45 PA++ 15g (3colors)
12270159536,3,3,0,0,1,Parnell Cicamanu Serum In Matte Cushion SPF50+ PA++++ 15g (3colors)
12270281423,3,3,0,0,1,Parnell Serum In High Glow Cushion SPF50+ PA++++ 15g (3colors)
12380002814,3,0,3,0,1,Parnell Cicamanu Serum Cushion SPF45 PA++ 15g (Refill) (3colors)
12314172970,3,3,0,0,1,WAKEMAKE Spatula Conceal BB 20ml (3colors)
11634259062,3,3,0,0,1,WAKEMAKE Sheer Breeze Highlighter 5g (3colors)
10765255815,3,3,0,0,1,WAKEMAKE Water Glow Coating Balm 12.5g+12.5g(Refill) (3colors)
11830616687,3,0,3,0,1,BBIA Eau Matte Cushion SPF50+ PA++++ 15g (Refill) (3colors)
11687231330,3,3,0,0,1,ongredients Skin Barrier Glow Cover Cushion SPF50+ PA +++ 14g (Refill) (3colors)
11830607607,3,3,0,0,1,BBIA Eau Matte Cushion SPF50+ PA++++ 15g+15g(Refill) (3colors)
11830614658,3,3,0,0,1,BBIA Eau Matte Cushion SPF50+ PA++++ 15g (3colors)
9200977591,3,3,0,0,1,HEVEBLUE Pentaberry Glow Foundation Cushion SPF50+ PA++++ 15g (3colors)
9969783349,3,3,0,0,1,[Cell Fusion C] Skin Blemish Balm Intensive 30ml (3colors)
13010225695,3,3,0,0,1,CLIO Serum Cover Skin Tint SPF20 PA+++ 30ml (3colors)
13435703575,3,3,0,0,1,innisfree Daily UV Tone Up No Sebum Sun Cream SPF50+ PA++++ 50ml (3colors)
10353499719,3,3,0,0,1,THE FACE SHOP NATURE GARDEN Perfumed Body Mist 155ml
8894982550,3,3,0,0,1,innisfree My Perfumed Body Cleanser 330ml (3-type)
7814043525,3,3,0,0,3,3CE Hand Cream 50ml #FRAGMENTS OF SUMMER
11046728760,3,3,0,0,1,TONYMOLY Pocket Hand Cream 30ml (3-type)
11497667325,3,3,0,0,1,JUNGSAEMMOOL Lip Care Color Oil 10ml (3color)
7631615753,3,3,0,0,1,goodal Mild Sheet Mask 20g X 10ea (3-type)
5510489927,3,3,0,0,3,[ONE THING] Modeling Pack 20gX7ea #Hyaluronic Acid
10747984141,3,3,0,0,3,[ONE THING] Modeling Pack 1kg #Houttuynia Cordata
12176152195,3,3,0,0,1,[NATURE REPUBLIC] REAL SKIN LAB MODELING PACK 25g (3TYPE)
12132526918,3,3,0,0,3,noprob Pink Collagen Hydrogel Mask 37g X 5ea
4469364067,3,2,1,0,3,Donggubat The RIGHT Shampoo Bar For Mid-Dry Scalp 120g #Mandarin & Rosemary
4843151244,3,3,0,0,3,PAUL MEDISON Signature Body Wash 1077ml #Clean Soap
11904279075,3,3,0,0,1,[NATURE REPUBLIC] Natural Made Enzyme Powder Wash 45g (3types)
8952196808,3,3,0,0,1,KUNDAL Protein Bonding No Wash Treatment 130ml
8602534470,3,3,0,0,1,KUNDAL Protein Bonding Shampoo 500ml
8602562787,3,3,0,0,1,KUNDAL Protein Bonding Treatment 250ml
11764450802,3,3,0,0,1,AMUSE Hair Perfume Mist 30ml (3 Types)
9999111085,3,3,0,0,3,[mise en scene] Damage Care Red Protein Shampoo 680ml
11097231869,3,3,0,0,3,GRAFEN Control Paste Wax 100ml
12016380642,3,3,0,0,1,LADOR Perfumed Hair Shampoo 100ml (3types)
6805527445,3,3,0,0,1,OBgE Natural Cover Foundation SPF50+ PA++++ 13g (3colors)
6805521311,3,3,0,0,1,OBgE Perfect Homme Cushion SPF50+ PA+++ 15g (3colors)
10255019036,2,2,0,0,2,Beauty of Joseon Relief Sun Rice + Probiotics SPF50+ · 50 ml
medicube1896,2,2,0,0,2,medicube PDRN Pink Hyaluronic Moisturizing Cream · 50 ml
medicube528,2,2,0,0,1,medicube Red Concealer Tip · 5 ml
medicube2622,2,2,0,0,1,medicube AGE-R Booster V Roller · dispositivo facial
medicube2428,2,2,0,0,1,medicube AGE-R Cabezal Limpiador Facial · accesorio AGE-R
medicube2705,2,2,0,0,1,medicube AGE-R Booster Pro X2 · dispositivo facial
medicube2537,2,2,0,0,1,medicube AGE-R High Focus Shot PLUS+ · dispositivo facial
12669558556,2,1,1,0,2,K-SECRET Seoul 1988 Sun Collagen Complex 7 SPF50+ · 50 ml
5788327291,2,2,0,0,1,numbuzin No.3 No Filter Tone-Up Sun Serum SPF50+ PA++++ 50ml (2types)
4943438351,2,2,0,0,2,[haruharu wonder] Black Rice 10 Hyaluronic Cream 90ml
14:175#green,2,0,2,0,2,Scalp Scrubber Flex | Cepillo Masajeador y Exfoliante
14:173#blue,2,0,2,0,2,Scalp Scrubber Flex | Cepillo Masajeador y Exfoliante
11809784374,2,2,0,0,1,MISSHA Layering Fit Pine Phyto Mucin Serum B.B Cream SPF50+ PA++++ 30ml (2colors)
5427503238,2,2,0,0,2,Torriden SOLID IN Ceramide Lip Essence 11ml
12448683726,2,2,0,0,1,Shingmulnara Mild Hand Cream 80ml (2type)
4904652856,2,2,0,0,2,CNP 2-Step Quick Soothing S.O.S Mask 1 Sheet
9911362667,2,2,0,0,1,BBIA Eau Glow Cushion SPF40 PA+++ 15g
10412466381,2,2,0,0,1,BBIA Last Contour Stick 2.4g
5150850873,2,2,0,0,1,BBIA Last Velvet Tint 5g (Coolnude Edition)
4614958002,2,2,0,0,2,BARBER501 SHAVING BOOSTER Shaving Cream 66ml #CICA(GREEN)
4616388044,2,2,0,0,2,BARBER501 SHAVING BOOSTER Shaving Cream 66ml #TEA-TREE(RED)
4614961102,2,2,0,0,2,BARBER501 SHAVING BOOSTER Shaving Cream 66ml #VITA(YELLOW)
6986386245,2,2,0,0,1,BARBER501 Dry Booster Grooming Tonic 200ml (2-type)
5659187024,2,2,0,0,1,BARBER501 WAXING BOOSTER 300ml
6873140259,2,1,0,1,1,Anua Birch Moisture Mask 25ml X 10ea
01TTF0258,2,2,0,0,2,TIRTIR Mask Fit Red Cushion SPF40 PA++ 18g (45shades)
01TTF0259,2,2,0,0,2,TIRTIR Mask Fit Red Cushion SPF40 PA++ 18g (45shades)
01TTF0260,2,2,0,0,2,TIRTIR Mask Fit Red Cushion SPF40 PA++ 18g (45shades)
01TTF0265,2,2,0,0,2,TIRTIR Mask Fit Red Cushion SPF40 PA++ 18g (45shades)
01TTF0268,2,2,0,0,2,TIRTIR Mask Fit Red Cushion SPF40 PA++ 18g (45shades)
01TTF0270,2,2,0,0,2,TIRTIR Mask Fit Red Cushion SPF40 PA++ 18g (45shades)
01TTF0273,2,2,0,0,2,TIRTIR Mask Fit Red Cushion SPF40 PA++ 18g (45shades)
01TTF0276,2,2,0,0,2,TIRTIR Mask Fit Red Cushion SPF40 PA++ 18g (45shades)
01TTF0278,2,2,0,0,2,TIRTIR Mask Fit Red Cushion SPF40 PA++ 18g (45shades)
01TTF0280,2,2,0,0,2,TIRTIR Mask Fit Red Cushion SPF40 PA++ 18g (45shades)
01TTF0282,2,2,0,0,2,TIRTIR Mask Fit Red Cushion SPF40 PA++ 18g (45shades)
01TTF0284,2,2,0,0,2,TIRTIR Mask Fit Red Cushion SPF40 PA++ 18g (45shades)
01TTF0286,2,2,0,0,2,TIRTIR Mask Fit Red Cushion SPF40 PA++ 18g (45shades)
01TTF0289,2,2,0,0,2,TIRTIR Mask Fit Red Cushion SPF40 PA++ 18g (45shades)
01TTF0291,2,2,0,0,2,TIRTIR Mask Fit Red Cushion SPF40 PA++ 18g (45shades)
01TTF0294,2,2,0,0,2,TIRTIR Mask Fit Red Cushion SPF40 PA++ 18g (45shades)
01TTF0295,2,2,0,0,2,TIRTIR Mask Fit Red Cushion SPF40 PA++ 18g (45shades)
01TTF0296,2,2,0,0,2,TIRTIR Mask Fit Red Cushion SPF40 PA++ 18g (45shades)
01TTF0297,2,2,0,0,2,TIRTIR Mask Fit Red Cushion SPF40 PA++ 18g (45shades)
01TTF0300,2,2,0,0,2,TIRTIR Mask Fit Red Cushion SPF40 PA++ 18g (45shades)
13280750967,2,2,0,0,1,TIRTIR Bouncy Pudding Tone Up Base SPF30 PA++ 25ml
8339736573,2,2,0,0,2,VT Reedle Shot 300 50ml
5732026334,2,2,0,0,2,numbuzin No.3 Skin Softening Serum 50ml
666347798,2,2,0,0,2,I'm from Honey Mask 120g
3590483477,2,2,0,0,2,I'm from Mugwort Mask 110g
4892225143,2,2,0,0,2,I'm from Fig Scrub Mask 120g
6566536732,2,2,0,0,2,I'm from Beet Purifying Mask 110ml
4741691362,2,2,0,0,2,ILLIYOON Ultra Repair Cream 200ml
6752153473,2,2,0,0,2,Abib Heartleaf Spot Pad Calming Touch 80 Sheets (150ml)
11839137636,2,2,0,0,1,TOCOBO Blur Finish Sun Cushion SPF50+ PA++++ 13g
5038716966,2,2,0,0,1,KLAIRS Fundamental Eye Awakening Gel 35ml
11673218784,2,2,0,0,2,KLAIRS Freshly Juiced Vitamin Skin Prep Pads 290ml/80ea
9677188925,2,2,0,0,2,LANEIGE Water Bank Blue Hyaluronic Intensive Moisturizer 50ml
3555764328,2,2,0,0,2,COSRX One Step Green Hero Calming Pad 70 Sheets
614331822,2,2,0,0,2,COSRX One Step Moisture Up Pad 70 Sheets
5095382978,2,2,0,0,2,mixsoon Bifida Essence 100ml
8195022047,2,2,0,0,1,VT Cica For Men Natural Eyebrow - 2 Colors 0.6g
13590968676,2,2,0,0,2,VT Reedle Shot Lip Tattoo 10ml #Coral Mellow
7060273983,2,2,0,0,2,[haruharu wonder] Black Rice Hyaluronic Cream 50ml
medicube21,2,2,0,0,2,medicube Red Foam Cleanser 120ml
medicube1361,2,2,0,0,1,medicube Pro Glutathione Glow Cushion SPF50 15g
10696811208,2,2,0,0,1,rom&nd Sheer Powder Pearls 15g (2 Colors)
13058332140,2,2,0,0,1,primera PDRN-NIA Lip Serum Toning Shot Glow Clear 7g (2colors)
7569743068,2,2,0,0,1,mixsoon Vegan Melting Lip Balm 4.1g
7713284508,2,2,0,0,1,dasique V Cut Blending Shading
8272834773,2,2,0,0,2,UNOVE DEEP DAMAGE REPAIR SHAMPOO 500ml
8273118896,2,2,0,0,1,UNOVE Deep Damage Treatment EX 207ml (2type)
8272984743,2,2,0,0,1,UNOVE Deep Damage Treatment EX 320ml (2type)
4568340312,2,2,0,0,1,TONYMOLY Luminous Goddess Aura BB Cream SPF37 PA++ 45g (2colors)
8638220950,2,2,0,0,1,SKIN U INNO:SCENT Body Scrub 450g (2-type)
3527938,2,2,0,0,1,Oddtype Unlimited Curl Lift Mascara
3450029,2,2,0,0,1,Oddtype Unveiled Skin Highlighter
6805513414,2,2,0,0,1,OBgE Mood Change Lip Balm 3g (2colors)
10310142352,2,2,0,0,2,OBgE Natural Cover Lotion SPF50+ PA++++ 50g (2types)
5203240333,2,2,0,0,1,O HUI The First Geniture Ampoule Cover Cushion SPF50+ PA+++ SET (15g+15g Refill) (2colors)
5129513503,2,2,0,0,1,NEOGEN Volume Metal Mascara 4ml (2colors)
9004449475,2,2,0,0,1,NAMING Layered Cover Foundation 15ml
4831755900,2,2,0,0,2,Manyo Factory Bifida Biome Ampoule Toner 400ml
6473244247,2,2,0,0,2,MISSHA CHOGONGJIN SOSAENG JIN EMULSION 120ml
8554824111,2,2,0,0,1,MIGUHARA Love Vegan Glazed Lip Balm - 2 Colors 4g
7147946431,2,2,0,0,2,MEDIHEAL Madecassoside Blemish Pad 100 Pads
7147768956,2,2,0,0,2,MEDIHEAL Watermide Toner Pad 100 Pads
5570494343,2,2,0,0,1,Laka Soul Vegan Lip Balm
5147788375,2,2,0,0,1,Laka Wild Brow Shaper
13160457965,2,2,0,0,2,K-SECRET SEOUL 1988 Multi Balm : Collagen Complex 7 + Plum 10.7g
10843996438,2,2,0,0,1,JUNGSAEMMOOL Perfumed Hand Cream 50ml (2type)
10844047334,2,2,0,0,1,JUNGSAEMMOOL Perfumed Beauty Bar 100g (2type)
1131046415,2,2,0,0,2,It'S SKIN Prestige Eclapair Glow Tone Up Base SPF30 PA++ 40ml
188754583-21,2,2,0,0,2,IPKN Perfume Powder Pact 5G 14.5g #Matte (2 Colors)
188754583-23,2,2,0,0,2,IPKN Perfume Powder Pact 5G 14.5g #Matte (2 Colors)
5465379810,2,2,0,0,2,ILLIYOON Mild Easy Wash Sun Cream SPF50+ PA++++ 150ml
10299334092,2,2,0,0,1,Huxley Tone Up Sun Essence Stay Sun Safe SPF50+ PA++++ 70ml (2color)
5030433651,2,2,0,0,1,Hanskin Blemish Cover Blur Pact 9g (2colors)
7889811808,2,2,0,0,2,HERA UV Protector Fresh SPF50+ PA++++ 50ml
4469260052,2,2,0,0,1,FORENCOS Tattoo Waterproof Scar Concealer 3g
10985183634,2,2,0,0,1,ENTROPY Organza Fit Spatula Foundation 40g
11663747634,2,2,0,0,1,Dear.A Vegan Glitter Eyeshadow 1.4g (2colors)
3165752948,2,2,0,0,1,DASHU Men's Good Looks Eyebrow Pencil
4699640501,2,2,0,0,1,DASHU Men's Dual trick Stick 3.4g
4716961316,2,2,0,0,2,COSNORI Perfect Setting Mascara 7ml #Long & Curl
5093762717,2,2,0,0,1,CLIO Superproof Brush Liner 0.55ml (2 Colors)
12177497713,2,2,0,0,1,CLIO Kill Lash Superproof Mascara Fine 7g (2colors)
5779755321,2,2,0,0,2,CENTELLIAN24 Madeca Mela Capture Stick 10g
12465891121,2,2,0,0,2,CENTELLIAN24 Madeca Matcha Pore Cleansing Oil 200ml
9810091522,2,2,0,0,1,Biodance Radiant Pure Essence Cushion 14g (2colors)
10494160956,2,2,0,0,1,Biodance Radiant Pure Essence Cushion Set 14g+14g(Refill) (2colors)
A0250111,2,2,0,0,1,[Beauty of Joseon] Stay Fresh Tone-Up Sunscreen SPF50+ PA++++ 50ml (2colors)
10828976825,2,2,0,0,1,A'pieu Juicy Pang Glossy Jelly Highlighter 3.8g (2 Colors)
699556098,2,2,0,0,2,ETUDE SoonJung pH 6.5 Whip Cleanser 150ml
blackmonster155,2,2,0,0,1,BLACK MONSTER Black Balm (2 Colors)
10615047221,2,2,0,0,1,lilybyred Bloody Liar Coating Tint 4g (GROW UPPP COLLECTION)
5555969620,2,2,0,0,1,BBIA Never Die Mascara 7ml (2 color)
6260438749,2,2,0,0,1,Parnell Cicamanu Skinfit Cover Concealer 5g (2colors)
12271366841,2,2,0,0,1,tfit Translucent Set Essential Powder 5g
13075152303,2,2,0,0,1,TIRTIR My Glow Highlighter 10g (2types)
7906755832,2,2,0,0,1,d'Alba Skin Fit Serum Foundation 30ml SPF50+/PA++++
10774246167,2,2,0,0,1,d'Alba Skin Fit Serum Foundation (Spatula) SPF50+/PA+++ 40ml
5040112990,2,2,0,0,1,Sulwhasoo Perfecting Powder 20g
9648599123,2,2,0,0,1,d'Alba Serum Glow Tension Cover Cushion 17g+17g(refill)
9237525477,2,2,0,0,1,YUNJAC Natural Finish Liquid Foundation SPF50+ PA++ 40ml
3672543774,2,2,0,0,1,TROIAREUKE Seoul Aesthetic Cushion SPF50+ PA++++ 15g (2colors)
5414387623,2,2,0,0,2,[DEAR DAHLIA] BLOOMING EDITION Garden of Light Palette 9.7g #Dawn
4493781055,2,2,0,0,2,REJURAN Healer Turnover Ampoule 30ml
6116759523,2,2,0,0,2,IOPE Retinol Expert 0.1% Wrinkle Corrector 30ml
5283702905,2,2,0,0,2,[The History of Whoo] CHEONGIDAN HWAHYUN Radiant Regenerating Eye Cream 25ml
medicube2426,2,2,0,0,1,medicube AGE-R Booster Pro MINI PLUS+ (2colors)
medicube2795,2,2,0,0,1,medicube AGE-R Booster Glow (2colors)
11864154087,2,2,0,0,1,CENTELLIAN24 Madeca Prime Max
6022667211,2,2,0,0,1,ETUDE HOUSE Dr. Mascara Fixer 6g (2 Colors)
8644114783,2,2,0,0,2,THE FACE SHOP Rice Water Bright Foaming Cleanser 150ml
721298932,2,2,0,0,1,[NATURE REPUBLIC] Botanical Auto Eyebrow 0.3g (4colors)
4851688592,2,2,0,0,2,PAUL MEDISON Deep Red Fast Hair Loss Shampoo (White Musk) 1077ml
10609094371,2,2,0,0,2,Dr.FORHAIR Folligen Deep Clean Cooling Shampoo 500ml
683368076,2,2,0,0,2,DASHU Anti-Hair Loss Hair Cushion (Natural Brown) 16g
10763635157,2,2,0,0,2,BIOKLASSE MILK BAOBAB CERA Hair Treatment 1200ml #Flora Bouquet
10062327361,2,2,0,0,1,LADOR Keratin Layered Oil Hair Mist 130ml (2types)
13426271412,2,2,0,0,1,CENTELLIAN24 Madeca Mela Capture Toning Aging Cover Cushion SPF50+ PA+++ 15g (2colors)
13242591568,2,1,1,0,1,make p:rem Glutathione PDRN Glow Toner 100ml
13242593844,2,1,1,0,1,make p:rem Glutathione PDRN Glow Cream 30ml
13279245109,2,1,1,0,1,make p:rem Ion Splash Capsule Cream 80ml
12695925689,2,1,1,0,1,make p:rem Rice Liposome Panthenol Moisture Toner 200ml
12410157424,2,1,1,0,1,make p:rem Safe Me. Relief Moisture Cleansing Milk 500ml [Refill]
10873511602,2,1,1,0,1,MAXCLINIC Poreless Deep Cleansing Foam 150g
4662649336,2,1,1,0,1,MAXCLINIC Time Return Melatonin Cream Mask 28g X 4ea
MAXCLINIC1088,2,1,1,0,1,MAXCLINIC Centella Calming Mask 23g X 4ea
MAXCLINIC1113,2,1,1,0,1,MAXCLINIC Pro Hyaluron Cleansing Foam 120ml
MAXCLINIC1188,2,1,1,0,1,MAXCLINIC Cica Biome Oil Foam 110ml
MAXCLINIC1047,2,1,1,0,1,MAXCLINIC Propolis Black Mask 20g X 4ea
MAXCLINIC1039,2,1,1,0,1,MAXCLINIC Collagen Firming Mask 18g X 4ea
10380694184,2,1,1,0,1,MAXCLINIC Time Return Melatonin Cream Toner Mask 27ml X 5ea
10873512351,2,1,1,0,1,MAXCLINIC Poreless Deep Cleansing Oil 200ml
MAXCLINIC1729,2,1,1,0,1,MAXCLINIC Golden Cactus Hydro Mask 25ml X 4ea
MAXCLINIC1789,2,1,1,0,1,MAXCLINIC Special Blended Tea Hand Cream 50ml
MAXCLINIC1142,2,1,1,0,1,MAXCLINIC Pro Hyaluron Toner 320ml
9161169016,2,1,1,0,1,MAXCLINIC Hyaluron Vita Oil Foam 310g
MAXCLINIC1234,2,1,1,0,1,MAXCLINIC Red Propolis Cream 50g
6185190977,2,1,1,0,1,MAXCLINIC Puriteatoc Brightening Oil Foam 310g
MAXCLINIC1813,2,1,1,0,1,MAXCLINIC Melatonin Liposome Cleansing Foam 120g
13175136211,2,1,1,0,1,MAXCLINIC Melatonin Shot Mist RX 100ml
13175259163,2,1,1,0,1,MAXCLINIC Melatonin Shot Watery Sunscreen RX SPF50+ PA++++ 50ml
13175291246,2,1,1,0,1,MAXCLINIC Melatonin Shot Tone-Up Sunscreen RX SPF50+ PA++++ 50ml
12271965352,2,1,1,0,1,MAXCLINIC Ceramedix Barrier Cream 50ml
12271961801,2,1,1,0,1,MAXCLINIC Ceramedix Capsule Serum 30ml
9398623069,2,1,1,0,1,MAXCLINIC Hyaluron Vita Balm To Oil 90ml
8045700245,2,1,1,0,1,MAXCLINIC Time Return Melatonin Cream Toner 200ml
9101190746,2,1,0,1,1,DASHU Daily Natural Curl Cream 150g
12220991127,2,1,1,0,1,Re:NK Hyper Hyal Plumping Mask Sheet 25ml X 10ea
11355375468,2,1,1,0,1,Re:NK Intense Brightening Vita Scrub Cleansing Foam 120ml
12422926210,2,1,1,0,1,Re:NK Intense Brightening Serum Sheet Mask 27ml X 10ea
13558055174,2,1,1,0,1,AESTURA Atobarrier 365 Hydro Soothing Cream 80ml
13516780955,2,1,1,0,1,AESTURA Atobarrier 365 Capsule Toner 300ml
13558032677,2,1,1,0,1,AESTURA A-CICA 365 Soothing Repair Mask pH4.5 25ml X 5ea
8901127237,2,1,1,0,1,Baegayul Moisture Balancing Serum 50ml
11904379010,2,1,1,0,1,whamisa Organic Seeds Hand Cream 60ml
10159522059,2,1,1,0,1,whamisa Organic Flowers Foaming Gel 150ml
11609919595,2,1,1,0,1,whamisa Organic Seeds Body Lotion 250ml
11774774813,2,1,1,0,1,whamisa Organic Pear Blossom Sunscreen SPF50+ PA++++ 50ml
13408415263,2,1,1,0,1,whamisa Organic Pear Blossom Sunscreen Powder SPF50+ PA++++ 5.5g+2.3g
11609900860,2,1,1,0,1,whamisa Organic Seeds Body Cleanser 490ml
11609591320,2,1,1,0,1,whamisa Organic Algae Body Mist 160ml
13155757677,2,1,1,0,1,innisfree Vitamin C Brightening Mask-To-Foam Facial Cleanser 120g
8421482017,2,1,1,0,1,innisfree Chrysanthemum Lady Cleanser 200ml
13654350956,2,1,1,0,1,innisfree Black Volcanic PHA Pore Cleansing Oil 200ml
13326058932,2,1,1,0,1,NIDA Retinal Glowy Lip Serum 7g #Rosy Fig
13303755563,2,1,1,0,1,NIDA Centella Hydrating Serum 50ml
13303818825,2,1,1,0,1,NIDA Peptide Propolis Renewal Serum 50ml
13326745522,2,1,0,1,1,NIDA Ultimate Hair-Bonding & Scalp-Revitalizing Shampoo 250ml
13325940263,2,1,1,0,1,NIDA Youth-Boosting Rice Milky Toner 150ml
13326762345,2,1,1,0,1,NIDA Ultimate Hair-Thickening & Root-Fortifying Conditioner 250ml
13303609723,2,1,1,0,1,NIDA Revive Eye Cream For Face And Neck 40ml
13326833720,2,1,0,1,1,NIDA Ultimate Hair Root Nutrition Roll On Serum 15ml
13303941665,2,1,1,0,1,NIDA α-Arbutin TXA Pure Tone Serum 50ml
13303446693,2,1,1,0,1,NIDA Youthful Formula Ultimate Moisturizing Cream 100ml
13326447084,2,1,1,0,1,NIDA Invisible Fit Sun Serum 40ml
13326648510,2,1,1,0,1,NIDA Invisible Fit Sun Cream 50ml
7420350297,2,1,1,0,1,FRANKLY Vita Bomb Serum (Calming & Relief) 30ml
13274886910,2,1,1,0,1,FRANKLY Glow Filter Tone Up Cream 50ml
10240161736,2,1,1,0,1,FRANKLY Niacinamide 15% + Zinc Beads Serum 30ml
7419905817,2,1,1,0,1,FRANKLY Sunday Glow Serum 37ml
7420624684,2,0,2,0,1,FRANKLY CICA 80 & Hyaluronic Acid Toner 260ml
8675713178,2,1,1,0,1,FRANKLY Cicahae Sun SPF50+ PA++++ 50ml
9013759825,2,1,1,0,1,FRANKLY Bright Up Sun SPF50+ PA++++ 50ml
7419879977,2,0,2,0,1,FRANKLY Closer Pore Reducing Serum 30ml
7419831630,2,1,1,0,1,FRANKLY Vitamin C 23 Pure Vitamin C Boost Serum 15ml
10871092965,2,1,1,0,1,FRANKLY Closer Pore Tightening Toner Pads 105ml/70ea
7745578995,2,1,1,0,1,FRANKLY AHA 8.05% Toner 100ml
8057156261,2,1,1,0,1,FRANKLY Retinol 0.3 Wrinkle Repair Cream 20ml
13256619039,2,1,1,0,1,FRANKLY PDRN Bounce Ball Cream 50ml
7420569893,2,1,1,0,1,FRANKLY Butter So Much Concentrated Nourishing Cream 30ml
12465435942,2,1,1,0,1,THE FACE SHOP Power Calm Lasting Hydro-Fit Cooling Sun Serum 50ml
13267671620,2,1,1,0,1,THE FACE SHOP Tangerine Vita C Brightening Foaming Cleanser 150ml
12247887186,2,1,1,0,1,THE FACE SHOP alltimate. PDRN Hyalu 7 Serum 30ml
12114874071,2,1,1,0,1,THE FACE SHOP Tangerine Vita C Brightening Serum 35ml
12114865607,2,1,1,0,1,THE FACE SHOP Aloe Hyaluronic Acid Soothing Serum 50ml
4633103121,2,2,0,0,2,d'Alba Waterfull Vegan Sleeping Pack 4ml X 12ea (Stick Type)
12651751439,2,2,0,0,2,Abib Hand Cream Type N 50ml
5312153672,2,2,0,0,1,[THE WHOO] Cheongidan Radiant Essence Foundation SPF35 PA++ 40ml (2type)
9910935726,2,2,0,0,1,O HUI AGE RECOVERY EYE CREAM 25ml
12205278255,2,2,0,0,2,TROIAREUKE Seoul Waterin Quenching Serum 50ml
5036575001,2,2,0,0,1,d'Alba Skin Fit Grinding Serum Cover Pact 20g+20g(refill) SPF50+/PA++++
8236309248,2,2,0,0,2,[THE WHOO] Cheonyuldan Ultimate Rejuvenative Balancer 150ml
5312179888,2,2,0,0,1,[THE WHOO] Cheonyuldan Signature Cushion SPF35 PA++ 13g+13g (2type) (Refill)
8236414704,2,2,0,0,2,[THE WHOO] Cheonyuldan Ultimate Rejuvenative Emulsion 110ml
9238811793,2,2,0,0,2,[The History of Whoo] CHEONGIDAN HWAHYUN Radiant Rejuvenating Emulsion 110ml
2398643640,2,1,1,0,2,NEOGEN Dermalogy Wine Lift PHA Gauze Peeling 30 Sheets
6003823329,2,0,2,0,1,AMUSE Vegan Green Lip Balm 3.5g (2 Colors)
4843151328,2,1,1,0,2,PAUL MEDISON Signature Body Wash 1077ml #White Musk
6362673298,2,0,2,0,1,[TOO COOL FOR SCHOOL] Artclass Blanc De Base 30ml (2 Colors)
7736524310,2,2,0,0,1,JUNGSAEMMOOL LIP-PRESSION Glow Lip Balm 4.5g
10129784169,2,2,0,0,1,fwee 3D Changing Gloss 5.3g
10138474050,2,2,0,0,1,colorgram Fruity Glass Tint Mini Duo 1.6g*2ea
10239532823,2,2,0,0,1,FORENCOS MINI Bisou Velvet Tint 2g
10298172379,2,2,0,0,1,FORENCOS MINI Tattoo Glass Tint 2g
10928832011,2,0,2,0,1,ETUDE Color Lasting Glow Stick 3.2g #Not Bad
11117777522,2,0,2,0,1,CLIO Crystal Gloss Plumper 3.4g (2colors)
4744351740,2,2,0,0,1,MISSHA Vivid Fix Marker Pen Liner 0.6g (2 Colors)
4716954105,2,2,0,0,2,COSNORI Dynamic Setting Mascara Washable 7ml #Long & Curl
5626257139,2,2,0,0,1,ETUDE HOUSE Cute Eyes Maker 0.08g (2 Colors)
7799151379,2,2,0,0,2,hince New Depth Eyeshadow Palette 9.8g #Like A Scene
5402646159-001,2,2,0,0,2,rom&nd HAN ALL SHARP BROW - 6 colors
5402646159-002,2,2,0,0,2,rom&nd HAN ALL SHARP BROW - 6 colors
5402646159-003,2,2,0,0,2,rom&nd HAN ALL SHARP BROW - 6 colors
5402646159-004,2,2,0,0,2,rom&nd HAN ALL SHARP BROW - 6 colors
5402646159-005,2,2,0,0,2,rom&nd HAN ALL SHARP BROW - 6 colors
5402646159-006,2,2,0,0,2,rom&nd HAN ALL SHARP BROW - 6 colors
10240566924,2,2,0,0,1,3CE ALL-ROUNDER MULTI PALETTE 9.6g
5024057634,2,2,0,0,1,lilybyred Am9 To Pm9 Infinite Mascara
4818769381,2,2,0,0,1,lilybyred Mood It Palette Eyeshadow
6985768061,2,2,0,0,1,lilybyred Smiley Aegyosal Eyeliner 0.32g
8894924940,2,2,0,0,1,innisfree Powerproof Brush Liner
616766618,2,2,0,0,2,[MACQUEEN New York] Extreme Longlash Potencara 8g
8514412075,2,2,0,0,1,[MACQUEEN New York] Waterproof Tattoo Pen Eyeliner 0.5g (2 Colors)
5712377928,2,2,0,0,1,Dinto One by One Brow Definer 0.065g
11062323596,2,2,0,0,1,JUNGSAEMMOOL Men 24H Brow Builder 0.25g (2color)
10493224793,2,2,0,0,1,peripera Ink All Black Cara 7g (2type)
11062674301,2,2,0,0,1,SKINFOOD Choco Eyebrow Cara 4g
6973766038,2,2,0,0,1,CORINGCO Recipe Note Eyeshadow Palette 10g (2 Types)
122614479,2,2,0,0,1,ETUDE Drawing Show Brush Eyeliner 0.6g
9210870035,2,2,0,0,1,ETUDE Line Fix Brush Liner 0.5g
innisfree36117,2,2,0,0,1,innisfree Skinny Microcara Zero 3.5g (2colors)
730265604,2,2,0,0,1,[NATURE REPUBLIC] Botanical Hyper Liner 0.6g (2colors)
11901060385,2,2,0,0,1,WAKEMAKE Real Defining Lash Mascara 5g+5g[1+1] (2type)
11663683062,2,2,0,0,1,Dear.A Slim Tip Cute Eyes Maker 0.3g (2colors)
9457556693,2,2,0,0,1,innisfree Sculpting Powder Shading
9457539436,2,0,2,0,1,innisfree SHEER Glowy Highlighter
9600683848,2,2,0,0,2,[MACQUEEN New York] Micro Fit Finish Powder 9g
9911371366,2,0,2,0,1,BBIA Eau Glow Cushion SPF40 PA+++ 15g #Refill
5106761565,2,0,2,0,1,FORENCOS Bare Blusher 5g
11630275965,2,2,0,0,1,SKINFOOD White Grape Fresh Up Foundation 30ml (2 Colors)
11558979193,2,2,0,0,1,TONYMOLY Skin Tone Fixing Cover Cushion SPF40 PA++ 5g #MINI
11062133651,2,2,0,0,1,JUNGSAEMMOOL Men Dark Zone Concealer 1.1g (2color)
10352017340,2,2,0,0,1,[THE WHOO] Gongjinhyang Mi Velvet Foundation Pact SPF35 PA++ 10g (2color) (Refill)
10352037486,2,2,0,0,1,[THE WHOO] Gongjinhyang Mi Velvet Powder Pact SPF30 PA++ 12g (Refill)
7552158932,2,2,0,0,1,TONYMOLY My Luminous Gel Glow Cushion SPF40++ 15g (2 Colors)
10792780076,2,2,0,0,1,NAMING Fluffy Volume & Shading Duo 9.8g (2color)
10011162774,2,2,0,0,1,dasique Luxe Glow Highlighter 7g
9261478190,2,2,0,0,1,Laka Dreambeam Highlighter
9018611280,2,2,0,0,1,[THE WHOO] Gongjinhyang Mi Luxury Glow Pressed Powder SPF30 PA++ 13g (2color) (Refill)
5227232337,2,2,0,0,1,[THE WHOO] Cheongidan Hwahyun Radiant Essence Cushion SPF50+ PA+++ 15g (2type) (Refill)
6037205647,2,2,0,0,1,3CE CONTOUR SHADING 8.6g
4624320461,2,2,0,0,1,CNP Propolis Ampule In Cushion 15g + 15g Refill Set
10103417168,2,2,0,0,1,rom&nd Better Than Contour 20.5g (2 Colors)
8535491167,2,2,0,0,1,Huxley Essence Cover Cushion Unseen Layer SPF23 PA++ 12g [Refill] (2color)
5226875476,2,2,0,0,1,[THE WHOO] Gongjinhyang Mi Essential Foundation SPF30 PA++ 40ml
10980039693,2,2,0,0,1,espoir Be Glow Stick Shading 9g
10866071761,2,2,0,0,1,espoir Be Glow Stick Radiance 8g
5456113492,2,2,0,0,1,Hanskin Semi Matte Blemish Cover Conceal Cushion 11g+11g(Refill) SPF 50+ PA+++ (2 Colors)
10093110386,2,2,0,0,1,JUNGSAEMMOOL Colorpiece Cream Blush 2.6g
8758413392,2,2,0,0,1,Dr.Jart+ The Makeup Barrier Beauty Balm SPF45/PA++++ 30ml
6042276701,2,2,0,0,1,[THE WHOO] Gongjinhyang Mi Velvet Foundation Pact SPF35 PA++ 10g (2color)
9958417030,2,2,0,0,1,[BY ECOM] EGF BB Cream 15ml SPF40 PA++
5336581340,2,2,0,0,1,3CE Soft Matte Fit Cushion 15g + Refill
9418029637,2,2,0,0,1,[THE WHOO] Gongjinhyang Mi Two Way Pact SPF 30 PA++ 13g (2color)
9972969383,2,2,0,0,1,espoir PRO TAILOR BE VELVET COVER CUSHION NEW CLASS CHERRY BLOSSOM EDITION SPF34 PA++ 13g+13g(Rifill)
4912141995,2,2,0,0,1,JUNGSAEMMOOL Skin Nuder Pact
453483526,2,2,0,0,1,JUNGSAEMMOOL Artist Concealer Palette
397980008,2,2,0,0,1,JUNGSAEMMOOL Essential Powder Illuminator 10g
8535487081,2,2,0,0,1,Huxley Essence Cover Cushion Unseen Layer SPF23 PA++ 12g (2color)
534329853,2,2,0,0,2,[THANK YOU FARMER] Be Beautiful Pure Make Up Base 40ml #Purple
5414387231,2,2,0,0,1,[DEAR DAHLIA] BLOOMING EDITION Endless Radiance Bronzer 9.2g
8757634741,2,2,0,0,1,[THE WHOO] Gongjinhyang Mi Luxury Luminous Powder 28g (2color)
11619756756,2,2,0,0,1,JUNGSAEMMOOL Pro-lasting Finish Powder Pact 6.5g #Sheer (2color)
6990344751,2,2,0,0,1,Dinto Wooncho Blur-Matte Foundation 25ml
7453805256,2,2,0,0,1,Dinto Wooncho Blur-Glowy Foundation 25ml
11640309037,2,2,0,0,1,Dr.Althea Double Serum Balm Foundation SPF50+ PA+++ 12g
9511736977,2,2,0,0,1,TONYMOLY Gyeol Goun Essence Cover Balm SPF50+ PA++++ 13g+13g(Refill)
10865230543,2,2,0,0,1,TONYMOLY Skin Tone Fixing Cover Cushion SPF40 PA++ 13g+13g(Refill)
10128355892,2,2,0,0,1,innisfree Light Glow Cushion SPF26 PA++ 14g+14g(Refill)
9018594041,2,2,0,0,1,[THE WHOO] Gongjinhyang Mi Luxury Glow Pressed Powder SPF30 PA++ 13g (2color)
10866363386,2,2,0,0,1,JUNGSAEMMOOL Artist Eye Palette Nude 15g (2type)
11292656341,2,2,0,0,1,rom&nd Better Than Cheek GLAZED 2.4g (2 Colors)
10871014797,2,2,0,0,1,tooq Water Color Petal Powder Pact 14g (2colors)
10898040725,2,0,2,0,1,ETUDE Face Brightner 5g
10730815996,2,2,0,0,1,ETUDE Double Lasting Artist Concealer Palette 5.3g
11638887852,2,2,0,0,1,A'pieu Juicy Pang Gleaming Highlighter 4.7g (2 Colors)
11548593316,2,2,0,0,1,A'pieu Juicy Pang Layering Shading 7g (2 Colors)
8092098872,2,2,0,0,1,O HUI Ultimate Cover Mesh Cushion SPF50+ PA+++ SET 13g +13g(Refill) (2colors)
5203928420,2,2,0,0,1,O HUI Ultimate Cover Stick Foundation SPF50+ PA+++ 15g (2colors)
5203249302,2,2,0,0,1,O HUI The First Geniture Ampoule Cover Cushion 15g (SPF50+ PA+++) [Refill] (2colors)
6800339976,2,2,0,0,1,[NATURE REPUBLIC] Ginseng Ampoule Cushion SPF50+ PA+++ Set 15g+15g(Refill) (2colors)
7149945255,2,2,0,0,1,[NATURE REPUBLIC] Provence Fixer Pact 12g (2colors)
12088491288,2,2,0,0,1,[NATURE REPUBLIC] Thin Airest Cotton Cushion SPF50+ PA+++ 15g (2colors)
5073335081,2,2,0,0,1,[NATURE REPUBLIC] Green Derma Mild Cica Serum Cover Cushion SPF50+ PA+++ 15g (2colors)
6098807216,2,2,0,0,1,[NATURE REPUBLIC] Nature Origin Cover Two Way Pact SPF30 PA+++ 9g
11610533743,2,2,0,0,1,Parnell High Glow Serum Foundation SFP50+ PA++++ 30ml (2colors)
11634217667,2,0,2,0,1,WAKEMAKE Mix Blurring Volume Shading 9.9g (2colors)
10123812664,2,0,2,0,1,WAKEMAKE Stay Fixer Multi Color Powder 4g (2colors)
7791378692,2,2,0,0,1,HEVEBLUE Pentaberry Panthenol Repair Concealer 8.5g
11534464248,2,2,0,0,1,tfit Idol Contour Shading 5.5g (2colors)
6974022404,2,2,0,0,1,tfit Cotton Veil Makeup Base 30g (2colors)
11734233211,2,2,0,0,1,3CE LAYER-IT-ALL Contour Palette 9.5g (2colors)
9215962015,2,2,0,0,1,Hanskin Nudi Thin Cover Cushion SPF50+ PA+++ 12g (2colors) (Refill)
11469834633,2,2,0,0,1,Hanskin Nude Thin Glow Base SPF35 PA++ 30ml (2colors)
11469845990,2,2,0,0,1,Hanskin Blemish Cover Pink Concealer 12g (2colors)
9215934784,2,2,0,0,1,Hanskin Nudi Thin Cover Cushion SPF50+ PA+++ 12g (2colors)
11819646476,2,2,0,0,1,TROIAREUKE Seoul Aesthetic Cushion SPF50+ PA++++ 15g (2colors) [Refill]
3496855738,2,2,0,0,1,TROIAREUKE Aesthetic BB Cream 15ml (2types)
402318398,2,2,0,0,1,TROIAREUKE Healing Cushion A 15g SPF50+ PA++++ (2colors)
12101969235,2,2,0,0,1,mude Setting Powder Pact 11.2g (2types)
13273062173,2,2,0,0,1,mude Face Sculptor Shading 5.5g (2types)
5225658973,2,2,0,0,1,[THE WHOO] Gong Jin Hyang Brightening UV Protective BB Cream SPF50+ PA+++ 40ml (2colors)
7440372748,2,2,0,0,2,O HUI FOR MEN NEOFEEL 2 STEP KIT GIFT SET
5036928403,2,2,0,0,2,Sulwhasoo Skin Reinforcing Emulsion for Men 90ml
4430252014,2,2,0,0,2,[NATURE REPUBLIC] Africa Bird Homme All In One Moisturizer 150ml
000359,2,2,0,0,1,ATOMY Homme Tone Up Moisturizer 33ml
11062432945,2,2,0,0,1,JUNGSAEMMOOL Men Lip-Newal Color Balm 3g (2-type)
11601163121,2,2,0,0,1,A'pieu Men's All Cover Calming Foundation 12g (2 Colors)
5203668030,2,2,0,0,2,O HUI Day Shield Perfect Sun Black SPF50+ / PA++++ 50ml
6204724956,2,2,0,0,2,HERA UV PROTECTOR TONE-UP SPF50+ / PA++++ 50ml
10520548710,2,2,0,0,1,Dinto [Wooncho Collection] Last Sun Care SPF 50+PA++++ 50ml
6576555417,2,2,0,0,1,belif Off Body Lotion 250ml (2-type)
6576548180,2,2,0,0,1,belif Off Body Wash 250ml (2-type)
6576539102,2,2,0,0,1,belif Off Hand Cream 50ml (2-type)
6576560702,2,2,0,0,1,belif Off Hand Wash 250ml (2-type)
10333391596,2,2,0,0,1,Shingmulnara Mild Antibacterial Foaming Hand Wash 280ml X 3ea (2type)
9873532386,2,2,0,0,1,primera Retinol Volume Lip Serum 12g
10576586647,2,2,0,0,1,THE FACE SHOP Vitamin Sun Lip Balm SPF 22 PA+++ 3.9g
9911113680,2,2,0,0,1,Sulwhasoo Glowing Lip Balm 3g
11890808833,2,2,0,0,1,[NATURE REPUBLIC] Natural Made Lip Mask 12g (2types)
10272918954,2,2,0,0,1,Shingmulnara Moisture Color Lip Balm 3.5g (2colors)
10615687533,2,2,0,0,1,JUNGSAEMMOOL Artist Eyelash Serum 10g (2type)
PURCELL82,2,2,0,0,1,PURCELL Eye Mask Pack Set 3g X 6ea (2-type)
9924882662,2,2,0,0,2,Dr.Jart+ Cicapair Intensive Soothing Repair Milky Lotion 100ml
11692181031,2,2,0,0,1,O HUI 3 Hour Blurring Sun Powder SPF30 PA++ 20g (2colors)
7631623401,2,1,1,0,2,DEWYTREE Miracle Vitamin C Serum 40ml
4572257399,2,0,2,0,2,DEWYTREE Miracle Brightening Serum 30ml
10555427670,2,2,0,0,1,TONYMOLY Spicule Ampoule 30ml (2 Types)
332926088,2,2,0,0,2,AHC Herb Solution Rose Toner 500ml
2135864166,2,2,0,0,2,[HOLIKA HOLIKA] Aloe 99% Soothing Gel 250ml
9238368796,2,2,0,0,2,THE FACE SHOP Jeju Aloe Fresh Soothing Gel 300ml
4774908988,2,2,0,0,2,ROVECTIN DR. MASK CICA 25ml X 5ea
4758860781,2,2,0,0,2,d'Alba White Truffle Nourishing Treatment Mask 25ml x 5ea
379750798,2,2,0,0,2,MEDIHEAL The N.M.F Ampoule Mask Sheet 10P
5605412574,2,2,0,0,2,Dr.Jart+ Pore·remedy Purifying Mud Face Mask 13g X 5ea
4951455171,2,2,0,0,2,Dr.G Royal Black Snail Cream Mask 10ea 16g
2757580463,2,2,0,0,2,NEOGEN Calming Cica Tree Micellar Cleansing Water 400ml
2145251108,2,2,0,0,2,[YURI PIBU] Grante Cleansing Oil 300ml
4947540764,2,1,1,0,2,Dr.G pH Cleansing R.E.D Blemish Clear Soothing Foam 150ml
8424402348,2,2,0,0,1,innisfree Apple Seed Cleansing Cream 150ml
8697281944,2,2,0,0,2,THE FACE SHOP Herb Day 365 Master Blending Facial Foaming Cleanser 170ml #Mungbean & Mugwort
2954974807,2,2,0,0,1,SKINFOOD Vegegarden Cleansing Foam 150ml (2 Types)
11926843539,2,2,0,0,1,[NATURE REPUBLIC] Forest Garden Whip Foam Cleanser 90ml (2types)
11609075471,2,2,0,0,1,Shingmulnara Cleansing Oil 200ml (2type)
10128716061,2,2,0,0,2,[mise en scene] Perfect Serum Original Shampoo 900ml
6805487378,2,2,0,0,1,OBgE Easy Pencil Brow 0.08g (2colors)
12368606909,2,2,0,0,1,GRAFEN Tip Sketch Multi Cover Foundation SPF+ PA+++ 20ml (2colors)
10634846445,2,2,0,0,1,GRAFEN Match Up Tone Cover Lotion SPF50+ PA++++ 50ml
4959746886,2,2,0,0,1,GRAFEN Handsome Cover Cushion 14g [Refill] (2colors)
4674262458,2,2,0,0,1,GRAFEN Handsome Cover Cushion 14g (2colors)
8680706765,2,0,2,0,1,REJURAN Inner Dot DNA Glow Jelly 14ea
8141406992,2,0,2,0,1,[Jung Kwan Jang] Hwal Gi Ruk Korean Red Ginseng Vital Tonic Liquid (20mL*14 bottles/Tablets400mg*14 tablets)
8466879544,2,0,2,0,1,[Jung Kwan Jang] Good Base Korean Red Ginseng with Elderberry 10ml*30Sticks
10027217510,2,0,2,0,1,[Jung Kwan Jang] Kid Multivitamin & Mineral Gummies #Mango Flavor 2.5g*60ea
8745958409,2,0,2,0,1,[Jung Kwan Jang] Korean Red Ginseng Extract Every Time FILM (260mg*20Sheets)
10984543392,2,0,2,0,1,[Jung Kwan Jang] Korean Red Ginseng Extract Hong Sam Won Delight 50ml*30ea
11100768365,2,0,2,0,1,[Jung Kwan Jang] Korean Red Ginseng Extract Hong Sam Won to be heated and consumed 120ml*12ea
10861052787,2,0,2,0,1,[Jung Kwan Jang] Korean Red Ginseng Extract Jin Go IMMUNE Stick 10g*30ea
10893672885,2,0,2,0,1,[Cell Fusion C] UV Care Formula Jelly 20g X 14ea
10893746661,2,0,2,0,1,[Cell Fusion C] UV Formula Powder 2.2g X 30ea
2013816206,2,0,2,0,1,"OSULLOC Lovely Tea Gift Box Set (12 count, 4 flavors X 3ea)"
12422702988,2,0,2,0,1,OSULLOC Mellow Mint (20 count)
12422685487,2,0,2,0,1,OSULLOC Chamomile Lavender Tea (20 count)
12422689680,2,0,2,0,1,OSULLOC Cherry Rooibos Tea (20 count)
12422708128,2,0,2,0,1,"OSULLOC Herbal Tea Life Set (60 count, 3 flavors X 20ea)"
12025764087,2,0,2,0,1,OSULLOC Berry Garden Green Tea (20 count)
