sku,mismo_titulo,producto_activo,titulo_activo,producto_borrador,variante_borrador,titulo_borrador
10159522059,True,gid://shopify/Product/11163080229201,whamisa Organic Flowers Foaming Gel 150ml,gid://shopify/Product/11163080261969,gid://shopify/ProductVariant/55008822952273,whamisa Organic Flowers Foaming Gel 150ml
10240161736,True,gid://shopify/Product/11163083080017,FRANKLY Niacinamide 15% + Zinc Beads Serum 30ml,gid://shopify/Product/11163083112785,gid://shopify/ProductVariant/55008830751057,FRANKLY Niacinamide 15% + Zinc Beads Serum 30ml
10380694184,True,gid://shopify/Product/11163077378385,MAXCLINIC Time Return Melatonin Cream Toner Mask 27ml X 5ea,gid://shopify/Product/11163077443921,gid://shopify/ProductVariant/55008816070993,MAXCLINIC Time Return Melatonin Cream Toner Mask 27ml X 5ea
10871092965,True,gid://shopify/Product/11163083735377,FRANKLY Closer Pore Tightening Toner Pads 105ml/70ea,gid://shopify/Product/11163083800913,gid://shopify/ProductVariant/55008832291153,FRANKLY Closer Pore Tightening Toner Pads 105ml/70ea
10873511602,True,gid://shopify/Product/11163076460881,MAXCLINIC Poreless Deep Cleansing Foam 150g,gid://shopify/Product/11163076559185,gid://shopify/ProductVariant/55008814072145,MAXCLINIC Poreless Deep Cleansing Foam 150g
10873512351,True,gid://shopify/Product/11163077476689,MAXCLINIC Poreless Deep Cleansing Oil 200ml,gid://shopify/Product/11163077542225,gid://shopify/ProductVariant/55008816365905,MAXCLINIC Poreless Deep Cleansing Oil 200ml
11355375468,True,gid://shopify/Product/11163079475537,Re:NK Intense Brightening Vita Scrub Cleansing Foam 120ml,gid://shopify/Product/11163079508305,gid://shopify/ProductVariant/55008820953425,Re:NK Intense Brightening Vita Scrub Cleansing Foam 120ml
11609591320,True,gid://shopify/Product/11163080819025,whamisa Organic Algae Body Mist 160ml,gid://shopify/Product/11163080884561,gid://shopify/ProductVariant/55008824492369,whamisa Organic Algae Body Mist 160ml
11609900860,True,gid://shopify/Product/11163080655185,whamisa Organic Seeds Body Cleanser 490ml,gid://shopify/Product/11163080687953,gid://shopify/ProductVariant/55008824099153,whamisa Organic Seeds Body Cleanser 490ml
11609919595,True,gid://shopify/Product/11163080327505,whamisa Organic Seeds Body Lotion 250ml,gid://shopify/Product/11163080360273,gid://shopify/ProductVariant/55008823279953,whamisa Organic Seeds Body Lotion 250ml
11774774813,True,gid://shopify/Product/11163080425809,whamisa Organic Pear Blossom Sunscreen SPF50+ PA++++ 50ml,gid://shopify/Product/11163080458577,gid://shopify/ProductVariant/55008823542097,whamisa Organic Pear Blossom Sunscreen SPF50+ PA++++ 50ml
11904379010,True,gid://shopify/Product/11163080130897,whamisa Organic Seeds Hand Cream 60ml,gid://shopify/Product/11163080163665,gid://shopify/ProductVariant/55008822788433,whamisa Organic Seeds Hand Cream 60ml
12114865607,True,gid://shopify/Product/11163085013329,THE FACE SHOP Aloe Hyaluronic Acid Soothing Serum 50ml,gid://shopify/Product/11163085078865,gid://shopify/ProductVariant/55008835862865,THE FACE SHOP Aloe Hyaluronic Acid Soothing Serum 50ml
12114874071,True,gid://shopify/Product/11163084947793,THE FACE SHOP Tangerine Vita C Brightening Serum 35ml,gid://shopify/Product/11163084980561,gid://shopify/ProductVariant/55008835502417,THE FACE SHOP Tangerine Vita C Brightening Serum 35ml
12220991127,True,gid://shopify/Product/11163079344465,Re:NK Hyper Hyal Plumping Mask Sheet 25ml X 10ea,gid://shopify/Product/11163079377233,gid://shopify/ProductVariant/55008820724049,Re:NK Hyper Hyal Plumping Mask Sheet 25ml X 10ea
12247887186,True,gid://shopify/Product/11163084849489,THE FACE SHOP alltimate. PDRN Hyalu 7 Serum 30ml,gid://shopify/Product/11163084882257,gid://shopify/ProductVariant/55008835207505,THE FACE SHOP alltimate. PDRN Hyalu 7 Serum 30ml
12271961801,True,gid://shopify/Product/11163078852945,MAXCLINIC Ceramedix Capsule Serum 30ml,gid://shopify/Product/11163078918481,gid://shopify/ProductVariant/55008819577169,MAXCLINIC Ceramedix Capsule Serum 30ml
12271965352,True,gid://shopify/Product/11163078787409,MAXCLINIC Ceramedix Barrier Cream 50ml,gid://shopify/Product/11163078820177,gid://shopify/ProductVariant/55008819413329,MAXCLINIC Ceramedix Barrier Cream 50ml
12410157424,True,gid://shopify/Product/11163076297041,make p:rem Safe Me. Relief Moisture Cleansing Milk 500ml [Refill],gid://shopify/Product/11163076329809,gid://shopify/ProductVariant/55008813482321,make p:rem Safe Me. Relief Moisture Cleansing Milk 500ml [Refill]
12422926210,True,gid://shopify/Product/11163079573841,Re:NK Intense Brightening Serum Sheet Mask 27ml X 10ea,gid://shopify/Product/11163079606609,gid://shopify/ProductVariant/55008821182801,Re:NK Intense Brightening Serum Sheet Mask 27ml X 10ea
12465435942,True,gid://shopify/Product/11163084489041,THE FACE SHOP Power Calm Lasting Hydro-Fit Cooling Sun Serum 50ml,gid://shopify/Product/11163084521809,gid://shopify/ProductVariant/55008834388305,THE FACE SHOP Power Calm Lasting Hydro-Fit Cooling Sun Serum 50ml
12669558556,False,gid://shopify/Product/11137776255313,K-SECRET Seoul 1988 Sun Collagen Complex 7 SPF50+ · 50 ml,gid://shopify/Product/11149517291857,gid://shopify/ProductVariant/54982447661393,K-SECRET SEOUL 1988 SUN : COLLAGEN COMPLEX 7 + PLUM 50ml
12695925689,True,gid://shopify/Product/11163076198737,make p:rem Rice Liposome Panthenol Moisture Toner 200ml,gid://shopify/Product/11163076231505,gid://shopify/ProductVariant/55008813220177,make p:rem Rice Liposome Panthenol Moisture Toner 200ml
13155757677,True,gid://shopify/Product/11163081048401,innisfree Vitamin C Brightening Mask-To-Foam Facial Cleanser 120g,gid://shopify/Product/11163081113937,gid://shopify/ProductVariant/55008824918353,innisfree Vitamin C Brightening Mask-To-Foam Facial Cleanser 120g
13175136211,True,gid://shopify/Product/11163078426961,MAXCLINIC Melatonin Shot Mist RX 100ml,gid://shopify/Product/11163078459729,gid://shopify/ProductVariant/55008818659665,MAXCLINIC Melatonin Shot Mist RX 100ml
13175259163,True,gid://shopify/Product/11163078525265,MAXCLINIC Melatonin Shot Watery Sunscreen RX SPF50+ PA++++ 50ml,gid://shopify/Product/11163078623569,gid://shopify/ProductVariant/55008818921809,MAXCLINIC Melatonin Shot Watery Sunscreen RX SPF50+ PA++++ 50ml
13175291246,True,gid://shopify/Product/11163078689105,MAXCLINIC Melatonin Shot Tone-Up Sunscreen RX SPF50+ PA++++ 50ml,gid://shopify/Product/11163078721873,gid://shopify/ProductVariant/55008819183953,MAXCLINIC Melatonin Shot Tone-Up Sunscreen RX SPF50+ PA++++ 50ml
13242591568,True,gid://shopify/Product/11163075838289,make p:rem Glutathione PDRN Glow Toner 100ml,gid://shopify/Product/11163075903825,gid://shopify/ProductVariant/55008812269905,make p:rem Glutathione PDRN Glow Toner 100ml
13242593844,True,gid://shopify/Product/11163075936593,make p:rem Glutathione PDRN Glow Cream 30ml,gid://shopify/Product/11163076067665,gid://shopify/ProductVariant/55008812663121,make p:rem Glutathione PDRN Glow Cream 30ml
13256619039,True,gid://shopify/Product/11163084128593,FRANKLY PDRN Bounce Ball Cream 50ml,gid://shopify/Product/11163084161361,gid://shopify/ProductVariant/55008833438033,FRANKLY PDRN Bounce Ball Cream 50ml
13267671620,True,gid://shopify/Product/11163084587345,THE FACE SHOP Tangerine Vita C Brightening Foaming Cleanser 150ml,gid://shopify/Product/11163084652881,gid://shopify/ProductVariant/55008834552145,THE FACE SHOP Tangerine Vita C Brightening Foaming Cleanser 150ml
13274886910,True,gid://shopify/Product/11163082948945,FRANKLY Glow Filter Tone Up Cream 50ml,gid://shopify/Product/11163082981713,gid://shopify/ProductVariant/55008830521681,FRANKLY Glow Filter Tone Up Cream 50ml
13279245109,True,gid://shopify/Product/11163076100433,make p:rem Ion Splash Capsule Cream 80ml,gid://shopify/Product/11163076165969,gid://shopify/ProductVariant/55008812892497,make p:rem Ion Splash Capsule Cream 80ml
13303446693,True,gid://shopify/Product/11163082457425,NIDA Youthful Formula Ultimate Moisturizing Cream 100ml,gid://shopify/Product/11163082522961,gid://shopify/ProductVariant/55008829440337,NIDA Youthful Formula Ultimate Moisturizing Cream 100ml
13303609723,True,gid://shopify/Product/11163082162513,NIDA Revive Eye Cream For Face And Neck 40ml,gid://shopify/Product/11163082228049,gid://shopify/ProductVariant/55008828817745,NIDA Revive Eye Cream For Face And Neck 40ml
13303755563,True,gid://shopify/Product/11163081703761,NIDA Centella Hydrating Serum 50ml,gid://shopify/Product/11163081736529,gid://shopify/ProductVariant/55008827834705,NIDA Centella Hydrating Serum 50ml
13303818825,True,gid://shopify/Product/11163081769297,NIDA Peptide Propolis Renewal Serum 50ml,gid://shopify/Product/11163081834833,gid://shopify/ProductVariant/55008828031313,NIDA Peptide Propolis Renewal Serum 50ml
13303941665,True,gid://shopify/Product/11163082359121,NIDA α-Arbutin TXA Pure Tone Serum 50ml,gid://shopify/Product/11163082424657,gid://shopify/ProductVariant/55008829210961,NIDA α-Arbutin TXA Pure Tone Serum 50ml
13325940263,True,gid://shopify/Product/11163081998673,NIDA Youth-Boosting Rice Milky Toner 150ml,gid://shopify/Product/11163082031441,gid://shopify/ProductVariant/55008828424529,NIDA Youth-Boosting Rice Milky Toner 150ml
13326058932,True,gid://shopify/Product/11163081507153,NIDA Retinal Glowy Lip Serum 7g #Rosy Fig,gid://shopify/Product/11163081539921,gid://shopify/ProductVariant/55008827474257,NIDA Retinal Glowy Lip Serum 7g #Rosy Fig
13326447084,True,gid://shopify/Product/11163082555729,NIDA Invisible Fit Sun Serum 40ml,gid://shopify/Product/11163082719569,gid://shopify/ProductVariant/55008829800785,NIDA Invisible Fit Sun Serum 40ml
13326648510,True,gid://shopify/Product/11163082752337,NIDA Invisible Fit Sun Cream 50ml,gid://shopify/Product/11163082817873,gid://shopify/ProductVariant/55008829997393,NIDA Invisible Fit Sun Cream 50ml
13326762345,True,gid://shopify/Product/11163082064209,NIDA Ultimate Hair-Thickening & Root-Fortifying Conditioner 250ml,gid://shopify/Product/11163082129745,gid://shopify/ProductVariant/55008828621137,NIDA Ultimate Hair-Thickening & Root-Fortifying Conditioner 250ml
13408415263,True,gid://shopify/Product/11163080556881,whamisa Organic Pear Blossom Sunscreen Powder SPF50+ PA++++ 5.5g+2.3g,gid://shopify/Product/11163080589649,gid://shopify/ProductVariant/55008823902545,whamisa Organic Pear Blossom Sunscreen Powder SPF50+ PA++++ 5.5g+2.3g
13516780955,True,gid://shopify/Product/11163079770449,AESTURA Atobarrier 365 Capsule Toner 300ml,gid://shopify/Product/11163079803217,gid://shopify/ProductVariant/55008821674321,AESTURA Atobarrier 365 Capsule Toner 300ml
13558032677,True,gid://shopify/Product/11163079835985,AESTURA A-CICA 365 Soothing Repair Mask pH4.5 25ml X 5ea,gid://shopify/Product/11163079868753,gid://shopify/ProductVariant/55008822133073,AESTURA A-CICA 365 Soothing Repair Mask pH4.5 25ml X 5ea
13558055174,True,gid://shopify/Product/11163079672145,AESTURA Atobarrier 365 Hydro Soothing Cream 80ml,gid://shopify/Product/11163079704913,gid://shopify/ProductVariant/55008821412177,AESTURA Atobarrier 365 Hydro Soothing Cream 80ml
13654350956,True,gid://shopify/Product/11163081408849,innisfree Black Volcanic PHA Pore Cleansing Oil 200ml,gid://shopify/Product/11163081441617,gid://shopify/ProductVariant/55008827277649,innisfree Black Volcanic PHA Pore Cleansing Oil 200ml
2398643640,False,gid://shopify/Product/11168288571729,NEOGEN Dermalogy Green Tea Moist PHA Gauze Peeling 30 Sheets,gid://shopify/Product/11163774976337,gid://shopify/ProductVariant/55010802303313,NEOGEN Dermalogy Wine Lift PHA Gauze Peeling 30 Sheets
4662649336,True,gid://shopify/Product/11163076591953,MAXCLINIC Time Return Melatonin Cream Mask 28g X 4ea,gid://shopify/Product/11163076657489,gid://shopify/ProductVariant/55008814301521,MAXCLINIC Time Return Melatonin Cream Mask 28g X 4ea
4843151328,False,gid://shopify/Product/11167586877777,Paul Madison Signature Body Wash White Musk fragrance 1077mL,gid://shopify/Product/11163778220369,gid://shopify/ProductVariant/55010822717777,PAUL MEDISON Signature Body Wash 1077ml #White Musk
4947540764,False,gid://shopify/Product/11168358531409,Dr.G pH Cleansing R.E.D Blemish Clear Soothing Foam 150ml,gid://shopify/Product/11168388907345,gid://shopify/ProductVariant/55033131893073,Dr.G pH Cleansing Red Blemish Clear Soothing Foam 150ml
6185190977,True,gid://shopify/Product/11163078230353,MAXCLINIC Puriteatoc Brightening Oil Foam 310g,gid://shopify/Product/11163078263121,gid://shopify/ProductVariant/55008817971537,MAXCLINIC Puriteatoc Brightening Oil Foam 310g
7419831630,True,gid://shopify/Product/11163083637073,FRANKLY Vitamin C 23 Pure Vitamin C Boost Serum 15ml,gid://shopify/Product/11163083702609,gid://shopify/ProductVariant/55008832029009,FRANKLY Vitamin C 23 Pure Vitamin C Boost Serum 15ml
7419905817,True,gid://shopify/Product/11163083178321,FRANKLY Sunday Glow Serum 37ml,gid://shopify/Product/11163083211089,gid://shopify/ProductVariant/55008830947665,FRANKLY Sunday Glow Serum 37ml
7420350297,True,gid://shopify/Product/11163082850641,FRANKLY Vita Bomb Serum (Calming & Relief) 30ml,gid://shopify/Product/11163082916177,gid://shopify/ProductVariant/55008830292305,FRANKLY Vita Bomb Serum (Calming & Relief) 30ml
7420569893,True,gid://shopify/Product/11163084259665,FRANKLY Butter So Much Concentrated Nourishing Cream 30ml,gid://shopify/Product/11163084292433,gid://shopify/ProductVariant/55008833601873,FRANKLY Butter So Much Concentrated Nourishing Cream 30ml
7631623401,False,gid://shopify/Product/11167629377873,DEWYTREE Miracle Vitamin C Serum 40ml,gid://shopify/Product/11167638552913,gid://shopify/ProductVariant/55028277346641,DEWYTREE Miracle Pore Minimizing Serum 30ml
7745578995,True,gid://shopify/Product/11163083833681,FRANKLY AHA 8.05% Toner 100ml,gid://shopify/Product/11163083899217,gid://shopify/ProductVariant/55008832586065,FRANKLY AHA 8.05% Toner 100ml
8045700245,True,gid://shopify/Product/11163079147857,MAXCLINIC Time Return Melatonin Cream Toner 200ml,gid://shopify/Product/11163079180625,gid://shopify/ProductVariant/55008820199761,MAXCLINIC Time Return Melatonin Cream Toner 200ml
8057156261,True,gid://shopify/Product/11163083997521,FRANKLY Retinol 0.3 Wrinkle Repair Cream 20ml,gid://shopify/Product/11163084063057,gid://shopify/ProductVariant/55008833077585,FRANKLY Retinol 0.3 Wrinkle Repair Cream 20ml
8421482017,True,gid://shopify/Product/11163081179473,innisfree Chrysanthemum Lady Cleanser 200ml,gid://shopify/Product/11163081245009,gid://shopify/ProductVariant/55008826556753,innisfree Chrysanthemum Lady Cleanser 200ml
8675713178,True,gid://shopify/Product/11163083374929,FRANKLY Cicahae Sun SPF50+ PA++++ 50ml,gid://shopify/Product/11163083407697,gid://shopify/ProductVariant/55008831308113,FRANKLY Cicahae Sun SPF50+ PA++++ 50ml
8901127237,True,gid://shopify/Product/11163079999825,Baegayul Moisture Balancing Serum 50ml,gid://shopify/Product/11163080065361,gid://shopify/ProductVariant/55008822493521,Baegayul Moisture Balancing Serum 50ml
9013759825,True,gid://shopify/Product/11163083473233,FRANKLY Bright Up Sun SPF50+ PA++++ 50ml,gid://shopify/Product/11163083506001,gid://shopify/ProductVariant/55008831471953,FRANKLY Bright Up Sun SPF50+ PA++++ 50ml
9161169016,True,gid://shopify/Product/11163078000977,MAXCLINIC Hyaluron Vita Oil Foam 310g,gid://shopify/Product/11163078033745,gid://shopify/ProductVariant/55008817414481,MAXCLINIC Hyaluron Vita Oil Foam 310g
9398623069,True,gid://shopify/Product/11163079049553,MAXCLINIC Hyaluron Vita Balm To Oil 90ml,gid://shopify/Product/11163079082321,gid://shopify/ProductVariant/55008819904849,MAXCLINIC Hyaluron Vita Balm To Oil 90ml
MAXCLINIC1039,True,gid://shopify/Product/11163077149009,MAXCLINIC Collagen Firming Mask 18g X 4ea,gid://shopify/Product/11163077280081,gid://shopify/ProductVariant/55008815776081,MAXCLINIC Collagen Firming Mask 18g X 4ea
MAXCLINIC1047,True,gid://shopify/Product/11163077050705,MAXCLINIC Propolis Black Mask 20g X 4ea,gid://shopify/Product/11163077116241,gid://shopify/ProductVariant/55008815251793,MAXCLINIC Propolis Black Mask 20g X 4ea
MAXCLINIC1088,True,gid://shopify/Product/11163076723025,MAXCLINIC Centella Calming Mask 23g X 4ea,gid://shopify/Product/11163076788561,gid://shopify/ProductVariant/55008814465361,MAXCLINIC Centella Calming Mask 23g X 4ea
MAXCLINIC1113,True,gid://shopify/Product/11163076821329,MAXCLINIC Pro Hyaluron Cleansing Foam 120ml,gid://shopify/Product/11163076886865,gid://shopify/ProductVariant/55008814661969,MAXCLINIC Pro Hyaluron Cleansing Foam 120ml
MAXCLINIC1142,True,gid://shopify/Product/11163077869905,MAXCLINIC Pro Hyaluron Toner 320ml,gid://shopify/Product/11163077935441,gid://shopify/ProductVariant/55008817185105,MAXCLINIC Pro Hyaluron Toner 320ml
MAXCLINIC1188,True,gid://shopify/Product/11163076919633,MAXCLINIC Cica Biome Oil Foam 110ml,gid://shopify/Product/11163076985169,gid://shopify/ProductVariant/55008814989649,MAXCLINIC Cica Biome Oil Foam 110ml
MAXCLINIC1234,True,gid://shopify/Product/11163078132049,MAXCLINIC Red Propolis Cream 50g,gid://shopify/Product/11163078164817,gid://shopify/ProductVariant/55008817676625,MAXCLINIC Red Propolis Cream 50g
MAXCLINIC1729,True,gid://shopify/Product/11163077574993,MAXCLINIC Golden Cactus Hydro Mask 25ml X 4ea,gid://shopify/Product/11163077640529,gid://shopify/ProductVariant/55008816628049,MAXCLINIC Golden Cactus Hydro Mask 25ml X 4ea
MAXCLINIC1789,True,gid://shopify/Product/11163077673297,MAXCLINIC Special Blended Tea Hand Cream 50ml,gid://shopify/Product/11163077804369,gid://shopify/ProductVariant/55008816890193,MAXCLINIC Special Blended Tea Hand Cream 50ml
MAXCLINIC1813,True,gid://shopify/Product/11163078328657,MAXCLINIC Melatonin Liposome Cleansing Foam 120g,gid://shopify/Product/11163078361425,gid://shopify/ProductVariant/55008818200913,MAXCLINIC Melatonin Liposome Cleansing Foam 120g
