product_id,variant_id,barcode,product_title,variant_title
gid://shopify/Product/11136382239057,gid://shopify/ProductVariant/54938550927697,8809640734748,Anua Heartleaf Quercetinol Pore Deep Cleansing Foam · 150 ml,Default Title
gid://shopify/Product/11137737916753,gid://shopify/ProductVariant/54945102070097,8809517413936,medicube Red Clear Cica Body Mist · 200 ml,Default Title
gid://shopify/Product/11137738309969,gid://shopify/ProductVariant/54945102692689,8800240567323,medicube Triple Collagen Toner 4.0 · 140 ml,Default Title
gid://shopify/Product/11137738408273,gid://shopify/ProductVariant/54945102758225,8800256114610,medicube Zero Pore Blackhead Deep Cleansing Oil · 205 ml,Default Title
gid://shopify/Product/11137738441041,gid://shopify/ProductVariant/54945102889297,8800256115167,medicube Zero Pore Toner · 250 ml,Default Title
gid://shopify/Product/11137740570961,gid://shopify/ProductVariant/54945111769425,8800240567330,medicube Zero Pore Cream 2.0 · 50 ml,Default Title
gid://shopify/Product/11137740865873,gid://shopify/ProductVariant/54945112916305,8800256114580,medicube Kojic Acid Turmeric Night Wrapping Mask · 75 ml,Default Title
gid://shopify/Product/11137748173137,gid://shopify/ProductVariant/54945130086737,8800256119141,medicube Hyaluronic Multi Peptide Serum · 30 ml,Default Title
gid://shopify/Product/11137752367441,gid://shopify/ProductVariant/54945174946129,8800289473159,medicube PDRN Pink Niacinamide Whip Cleanser · 120 g,Default Title
gid://shopify/Product/11137753874769,gid://shopify/ProductVariant/54945185857873,8800289473852,medicube PDRN Hydrating Gel Cleanser · 200 ml,Default Title
gid://shopify/Product/11137755251025,gid://shopify/ProductVariant/54945195196753,8800289475023,medicube Kojic Acid Turmeric Resurfacing Toner · 250 ml,Default Title
gid://shopify/Product/11137755742545,gid://shopify/ProductVariant/54945202733393,8800289477416,medicube Kojic Acid Turmeric Niacinamide Serum · 30 ml,Default Title
gid://shopify/Product/11137771176273,gid://shopify/ProductVariant/54945323352401,8800289478772,medicube PDRN Pink Collagen Glow Jelly Mist Serum · 100 ml,Default Title
gid://shopify/Product/11137771307345,gid://shopify/ProductVariant/54945323942225,8800289478161,medicube Collagen Milk Toning Wrapping Mask · 75 ml,Default Title
gid://shopify/Product/11137771503953,gid://shopify/ProductVariant/54945324171601,8800289474958,medicube Kojic Acid Turmeric Toning Cleanser · 120 g,Default Title
gid://shopify/Product/11137771536721,gid://shopify/ProductVariant/54945325646161,8800289474774,medicube PDRN Pink Caffeine Night Wrapping Mask · 75 ml,Default Title
gid://shopify/Product/11137772880209,gid://shopify/ProductVariant/54945331577169,8800289479496,medicube PDRN Collagen Glow Jelly Serum · 30 ml,Default Title
gid://shopify/Product/11137773175121,gid://shopify/ProductVariant/54945332232529,8800289479977,medicube Deep Vita C Capsule Serum · 30 ml,Default Title
gid://shopify/Product/11137773306193,gid://shopify/ProductVariant/54945332494673,8800289461408,medicube Kojic Acid Turmeric Body Peel Shot · 280 ml,Default Title
gid://shopify/Product/11137773470033,gid://shopify/ProductVariant/54945332756817,8800289461217,medicube Kojic Acid Turmeric Peel Shot · 80 ml,Default Title
gid://shopify/Product/11137773568337,gid://shopify/ProductVariant/54945332986193,8800289479656,medicube Kojic Acid Turmeric Vita Eye Gel Serum · 30 ml,Default Title
gid://shopify/Product/11137776419153,gid://shopify/ProductVariant/54945342423377,8809747928699,MISSHA Super Aqua Ultra Hyalron Cream · 70 ml,Default Title
gid://shopify/Product/11137778975057,gid://shopify/ProductVariant/54945346388305,8809971488518,d'Alba Plumping Lip Glow Mood Volumizer · 5 ml,Feeble Pink
gid://shopify/Product/11144795652433,gid://shopify/ProductVariant/54965993963857,8809800941917,Isntree GIM PDRN Hydro Bouncy Ampoule 50ml,Default Title
gid://shopify/Product/11144795717969,gid://shopify/ProductVariant/54965994094929,8809800941597,Isntree Plum Peptide Booster 2000s 50ml,Default Title
gid://shopify/Product/11144796078417,gid://shopify/ProductVariant/54965997666641,8809800941221,Isntree Onion Newpair Booster Shot 2000 50ml,Default Title
gid://shopify/Product/11144796635473,gid://shopify/ProductVariant/54965998715217,8809800941924,Isntree GIM PDRN Deep Sleep Mask 80ml,Default Title
gid://shopify/Product/11144845885777,gid://shopify/ProductVariant/54966114058577,8809647390985,[SOME BY MI] Cica Peptide Anti Hair Loss Derma Scalp Treatment 50ml,Default Title
gid://shopify/Product/11144849228113,gid://shopify/ProductVariant/54966119465297,8809738592236,Isntree Green Tea Fresh Cleanser 120ml,Default Title
gid://shopify/Product/11144849326417,gid://shopify/ProductVariant/54966119629137,8809783322659,Isntree Onion Newpair Cleansing Foam 150ml,Default Title
gid://shopify/Product/11144849719633,gid://shopify/ProductVariant/54966120218961,8809598450547,COSRX AC Collection Calming Foam Cleanser 150ml,Default Title
gid://shopify/Product/11144854438225,gid://shopify/ProductVariant/54966129787217,8809784600152,Torriden SOLID IN Ceramide Lip Essence 11ml,Default Title
gid://shopify/Product/11144856043857,gid://shopify/ProductVariant/54966134374737,8809508850795,PETITFEE Centella Clearing Spot Patch (23patches),Default Title
gid://shopify/Product/11148100043089,gid://shopify/ProductVariant/54976580157777,8809759908382,BANILA CO Clean It Zero Cleansing Balm Original 180ml,Default Title
gid://shopify/Product/11148102402385,gid://shopify/ProductVariant/54976592052561,8809560220062,BANILA CO Clean it Zero Foam Cleanser 150ml,Default Title
gid://shopify/Product/11148102730065,gid://shopify/ProductVariant/54976593690961,8809759903127,BANILA CO Clean It Zero Pore Clarifying Foam Cleanser 150ml,Default Title
gid://shopify/Product/11148107546961,gid://shopify/ProductVariant/54976611058001,8809759903455,BANILA CO Clean It Zero Brightening Peeling Gel 120ml,Default Title
gid://shopify/Product/11148113019217,gid://shopify/ProductVariant/54976635666769,8800248700548,BANILA CO Clean It Zero Enriching Butter Cleansing Balm 100ml,Default Title
gid://shopify/Product/11148114919761,gid://shopify/ProductVariant/54976643596625,8809759909471,BANILA CO Clean it Zero Tea Tree Pore Peeling Gel 120ml,Default Title
gid://shopify/Product/11148160532817,gid://shopify/ProductVariant/54976913473873,8809640731181,Anua Birch Moisture Boosting Serum 30ml,Default Title
gid://shopify/Product/11148172460369,gid://shopify/ProductVariant/54976914325841,8809640733659,Anua HEARTLEAF SUCCINIC MOISTURE CLEANSING FOAM 150ml,Default Title
gid://shopify/Product/11148173672785,gid://shopify/ProductVariant/54976919699793,8809640733666,Anua HEARTLEAF LHA MOISTURE PEELING GEL 120ml,Default Title
gid://shopify/Product/11148174590289,gid://shopify/ProductVariant/54976923468113,8809640733550,Anua PEACH 70% NIACINAMIDE SERUM 30ml,Default Title
gid://shopify/Product/11148175868241,gid://shopify/ProductVariant/54976927793489,8809640734373,Anua Peach 77 Niacin Enriched Cream · 50 ml,Default Title
gid://shopify/Product/11148176326993,gid://shopify/ProductVariant/54976929300817,8809640734342,Anua Peach 77 Niacin Conditioning Milk 150ml,Default Title
gid://shopify/Product/11148176916817,gid://shopify/ProductVariant/54976931070289,8809640735561,Anua 8 Hyaluronic Acid Hydrating Gentle Foaming Cleanser 150ml,Default Title
gid://shopify/Product/11148179145041,gid://shopify/ProductVariant/54976940998993,8809640735455,Anua Rice 70 Glow Milky Toner 250ml,Default Title
gid://shopify/Product/11148179997009,gid://shopify/ProductVariant/54976943128913,8809640735462,Anua RICE ENZYME BRIGHTENING CLEANSING POWDER 40g,Default Title
gid://shopify/Product/11148184453457,gid://shopify/ProductVariant/54976955253073,8809640738111,Anua 8 Hyaluronic Acid Catechin Calming Pad 185ml/110ea,Default Title
gid://shopify/Product/11148185108817,gid://shopify/ProductVariant/54976956727633,8800307370095,Anua Peach Niacin Spread Cleansing Foam 150ml,Default Title
gid://shopify/Product/11148187402577,gid://shopify/ProductVariant/54976961315153,8800307371672,Anua PDRN 100 Hyaluronic Acid Booster Toner 250ml,Default Title
gid://shopify/Product/11148191957329,gid://shopify/ProductVariant/54976971178321,8809968201366,Abib Jericho rose PHA toner Skin booster 200ml,Default Title
gid://shopify/Product/11148192219473,gid://shopify/ProductVariant/54976972882257,8809292443210,Abib Collagen eye crème Jericho rose tube 30ml,Default Title
gid://shopify/Product/11148193235281,gid://shopify/ProductVariant/54976975077713,8809292443197,Abib Jericho rose bifida serum Firming drop 50ml,Default Title
gid://shopify/Product/11148193759569,gid://shopify/ProductVariant/54976976453969,8809030734839,Abib Rebalancing toner Skin booster 200ml,Default Title
gid://shopify/Product/11148194218321,gid://shopify/ProductVariant/54976977043793,8809030734846,Abib Rebalancing emulsion Skin booster 200ml,Default Title
gid://shopify/Product/11148198314321,gid://shopify/ProductVariant/54976988283217,8809562559924,Abib PDRN Collagen Lip Mask Glazed Jelly 11g,Default Title
gid://shopify/Product/11148204704081,gid://shopify/ProductVariant/54977008697681,8809562559993,Abib Jericho Rose Mist Serum Glow Spray 100ml,Default Title
gid://shopify/Product/11148205097297,gid://shopify/ProductVariant/54977010598225,8800280691934,Abib Lifting Collagen Wrapping Mask Jericho Rose Film 100ml,Default Title
gid://shopify/Product/11148206735697,gid://shopify/ProductVariant/54977015873873,8800280691040,Abib Glutathiosome Dark Spot Toner Skin Booster 200ml,Default Title
gid://shopify/Product/11148207194449,gid://shopify/ProductVariant/54977018069329,8809634610218,AXIS-Y Heartleaf My Type Calming Cream 60ml,Default Title
gid://shopify/Product/11148207685969,gid://shopify/ProductVariant/54977019347281,8809634610034,AXIS-Y Dark Spot Correcting Glow Serum 50ml,Default Title
gid://shopify/Product/11148208243025,gid://shopify/ProductVariant/54977021083985,8809115027924,AXIS-Y Daily Purifying Treatment Toner 200ml,Default Title
gid://shopify/Product/11148208636241,gid://shopify/ProductVariant/54977022361937,8809634610027,AXIS-Y Quinoa One Step Balanced Gel Cleanser 180ml,Default Title
gid://shopify/Product/11148208963921,gid://shopify/ProductVariant/54977023672657,8809634610096,AXIS-Y Sunday Morning Refreshing Cleansing Foam 120ml,Default Title
gid://shopify/Product/11148209357137,gid://shopify/ProductVariant/54977025048913,8809634610508,AXIS-Y Biome Resetting Moringa Cleansing Oil 200ml,Default Title
gid://shopify/Product/11148210831697,gid://shopify/ProductVariant/54977030455633,8809115027917,AXIS-Y Artichoke Intensive Skin Barrier Ampoule 30ml,Default Title
gid://shopify/Product/11148211454289,gid://shopify/ProductVariant/54977031242065,8809634610539,AXIS-Y LHA Peel & Fill Pore Balancing Cream 50ml,Default Title
gid://shopify/Product/11148211814737,gid://shopify/ProductVariant/54977032814929,8809634610331,AXIS-Y Vita Frost Chilling Essence 50ml,Default Title
gid://shopify/Product/11148212502865,gid://shopify/ProductVariant/54977034748241,8809634610546,AXIS-Y CALAMINE Pore Control Capsule Serum 50ml,Default Title
gid://shopify/Product/11148212928849,gid://shopify/ProductVariant/54977036583249,8809634610522,AXIS-Y Biome Ultimate Indulging Cream 55ml,Default Title
gid://shopify/Product/11149510771025,gid://shopify/ProductVariant/54982407487825,8809784601746,Torriden Cellmazing Firming Cream 60ml,Default Title
gid://shopify/Product/11149511360849,gid://shopify/ProductVariant/54982410371409,8809504741653,Torriden Dive-In Serum 50ml,Default Title
gid://shopify/Product/11149511524689,gid://shopify/ProductVariant/54982410666321,8809784602002,Torriden Cellmazing VITA C Brightening Ampoule 30ml,Default Title
gid://shopify/Product/11149512147281,gid://shopify/ProductVariant/54982413549905,8809784600411,Torriden Dive In Low Molecular Hyaluronic Acid Cleansing Water 400ml,Default Title
gid://shopify/Product/11149513949521,gid://shopify/ProductVariant/54982428524881,8809679690039,TIRTIR SOS Serum 50ml,Default Title
gid://shopify/Product/11149514408273,gid://shopify/ProductVariant/54982430982481,8809679699612,TIRTIR Mask Fit Make Up Fixer 80ml,Default Title
gid://shopify/Product/11149514637649,gid://shopify/ProductVariant/54982432096593,8809679690015,TIRTIR Ceramic Cream 50ml,Default Title
gid://shopify/Product/11149514801489,gid://shopify/ProductVariant/54982432620881,8809928138688,TIRTIR Mask Fit Waterproof Setting Spray 80ml,Default Title
gid://shopify/Product/11149516243281,gid://shopify/ProductVariant/54982444810577,8809928135373,TIRTIR PHA 15% Serum 30ml,Default Title
gid://shopify/Product/11149516308817,gid://shopify/ProductVariant/54982444876113,8809928134321,TIRTIR Hydro Boost Enzyme Cleansing Balm 120ml,Default Title
gid://shopify/Product/11149516341585,gid://shopify/ProductVariant/54982445072721,8809928133812,TIRTIR Milk Skin Toner Light 150ml,Default Title
gid://shopify/Product/11149516374353,gid://shopify/ProductVariant/54982445138257,8800288643706,TIRTIR ICE-COOLING WATER DROP SERUM 30ml,Default Title
gid://shopify/Product/11149763739985,gid://shopify/ProductVariant/54982703907153,8809652580593,numbuzin No.3 Pore Reset Ampoule Shot 25ml,Default Title
gid://shopify/Product/11149764100433,gid://shopify/ProductVariant/54982704038225,8809936740019,MEDIHEAL Tea Tree Calming Moisture Ampoule 50ml,Default Title
gid://shopify/Product/11149773013329,gid://shopify/ProductVariant/54982708232529,8809576260663,SKIN1004 Madagascar Centella Ampoule 100ml,Default Title
gid://shopify/Product/11149774520657,gid://shopify/ProductVariant/54982708855121,8809913832515,SKIN1004 Madagascar Centella Retinol 0.2 Boosting Shot Ampoule 30ml,Default Title
gid://shopify/Product/11149774717265,gid://shopify/ProductVariant/54982708920657,8809913832508,SKIN1004 Madagascar Centella Matrixyl 10 Boosting Shot Ampoule 30ml,Default Title
gid://shopify/Product/11149774946641,gid://shopify/ProductVariant/54982708986193,8809913832492,SKIN1004 Madagascar Centella Niacinamide 10 Boosting Shot Ampoule 30ml,Default Title
gid://shopify/Product/11149777305937,gid://shopify/ProductVariant/54982709903697,8809635332652,ilso Heartleaf Tendersome Double Calming Ampoule 30ml,Default Title
gid://shopify/Product/11149782122833,gid://shopify/ProductVariant/54982711837009,8809643523455,MISSHA Vita C Plus Spot Correcting Concentrate Ampoule 15g,Default Title
gid://shopify/Product/11151698329937,gid://shopify/ProductVariant/54984268284241,8809652580135,numbuzin No.1 Easy Peasy Cleansing Oil 200ml,Default Title
gid://shopify/Product/11151698362705,gid://shopify/ProductVariant/54984270709073,8809652580234,numbuzin No.2 Deep Clean Fresh Cream Cleanser 120ml,Default Title
gid://shopify/Product/11151698428241,gid://shopify/ProductVariant/54984270840145,8809652581453,numbuzin No.1 Pure-full Calming Herb Toner 300ml,Default Title
gid://shopify/Product/11151698592081,gid://shopify/ProductVariant/54984271102289,8809652581644,numbuzin No.3 Pore & Makeup Cleansing Balm with Green Tea and Charcoal 85g,Default Title
gid://shopify/Product/11151699345745,gid://shopify/ProductVariant/54984272806225,8809652580036,numbuzin No.3 Skin Softening Serum 50ml,Default Title
gid://shopify/Product/11151699444049,gid://shopify/ProductVariant/54984273002833,8809652580128,numbuzin No.3 Super Glowing Essence Toner 200ml,Default Title
gid://shopify/Product/11151699509585,gid://shopify/ProductVariant/54984273199441,8809652581941,numbuzin No.4 Hydrating Glow Mineral Toner 200ml,Default Title
gid://shopify/Product/11151699640657,gid://shopify/ProductVariant/54984273428817,8809652583204,numbuzin No.5+ Vitamin Boosting Essential Toner 200ml,Default Title
gid://shopify/Product/11151699706193,gid://shopify/ProductVariant/54984273527121,8809652580050,numbuzin No.5 Goodbye Blemish Serum 50ml,Default Title
gid://shopify/Product/11151701442897,gid://shopify/ProductVariant/54984274444625,8809652580180,numbuzin No.7 Mild Green Soothing Serum 50ml,Default Title
gid://shopify/Product/11151701573969,gid://shopify/ProductVariant/54984274837841,8809652584379,numbuzin No.1 Pantothenic B5 Active Drying Powder 7g,Default Title
gid://shopify/Product/11151701934417,gid://shopify/ProductVariant/54984275427665,8809652586175,numbuzin No.9 NMN BIO Lifting-Sil Essence 50ml,Default Title
gid://shopify/Product/11151704981841,gid://shopify/ProductVariant/54984284242257,8809585080900,ILLIYOON Ceramide Ato 6.0 Top To Toe Wash 500ml,Default Title
gid://shopify/Product/11151705178449,gid://shopify/ProductVariant/54984284766545,8806390500043,ILLIYOON Ceramide Ato Lotion 350ml,Default Title
gid://shopify/Product/11151705473361,gid://shopify/ProductVariant/54984285552977,8809585125922,ILLIYOON Fresh Moisture Body Wash 500ml,Default Title
gid://shopify/Product/11151705538897,gid://shopify/ProductVariant/54984285880657,8809643086981,ILLIYOON Ceramide Ato Soothing Gel 175ml,Default Title
gid://shopify/Product/11151705669969,gid://shopify/ProductVariant/54984286077265,8809585102107,ILLIYOON Hyaluronic Moisture Cream 100ml,Default Title
gid://shopify/Product/11151705866577,gid://shopify/ProductVariant/54984286601553,8809539423173,ILLIYOON Ultra Repair Intensive Care Cream 200ml,Default Title
gid://shopify/Product/11151706685777,gid://shopify/ProductVariant/54984289681745,8809820685525,ETUDE AC Clean Up Pink Powder Spot 15ml,Default Title
gid://shopify/Product/11151706718545,gid://shopify/ProductVariant/54984289943889,8809820687314,ETUDE Ginger Sugar Essential Lip Balm 15ml,Default Title
gid://shopify/Product/11151706784081,gid://shopify/ProductVariant/54984290009425,8809820687338,ETUDE Ginger Sugar Overnight Lip Mask 23g,Default Title
gid://shopify/Product/11151706816849,gid://shopify/ProductVariant/54984290074961,8809820687321,ETUDE Ginger Sugar Lip Balm Stick 3.7g,Default Title
gid://shopify/Product/11151707013457,gid://shopify/ProductVariant/54984290566481,8809668018981,ETUDE Moistfull Collagen Eye Cream 28ml,Default Title
gid://shopify/Product/11151707865425,gid://shopify/ProductVariant/54984293482833,8809668018936,ETUDE Moistfull Collagen Emulsion 180ml,Default Title
gid://shopify/Product/11151708062033,gid://shopify/ProductVariant/54984293679441,8809668018967,ETUDE Moistfull Collagen Essence 80ml,Default Title
gid://shopify/Product/11151708553553,gid://shopify/ProductVariant/54984295547217,8809447254609,Dr.Althea 15% Niacinamide Purity Serum 30ml,Default Title
gid://shopify/Product/11151709077841,gid://shopify/ProductVariant/54984295612753,8809447253473,Dr.Althea Skin Relief Essence 30ml,Default Title
gid://shopify/Product/11151709307217,gid://shopify/ProductVariant/54984295678289,8809447253480,Dr.Althea Natural Radiance Essence 30ml,Default Title
gid://shopify/Product/11151709667665,gid://shopify/ProductVariant/54984296071505,8809447253756,Dr.Althea Premium Quick Step Sebum Cleanser 100ml,Default Title
gid://shopify/Product/11151709733201,gid://shopify/ProductVariant/54984296399185,8809447254708,Dr.Althea Green Relief Amino Gel Cleanser 100ml,Default Title
gid://shopify/Product/11151710028113,gid://shopify/ProductVariant/54984297316689,8806109105385,CENTELLIAN24 Madeca Cream Time Reverse Zero 80ml,Default Title
gid://shopify/Product/11151713599825,gid://shopify/ProductVariant/54984310882641,8809759908603,BANILA CO Prime Primer Loose Setting Powder 8g,Default Title
gid://shopify/Product/11151713730897,gid://shopify/ProductVariant/54984311112017,8809634610041,AXIS-Y Cera-Heart My Type Duo Cream 60ml,Default Title
gid://shopify/Product/11151713927505,gid://shopify/ProductVariant/54984311210321,8809634610102,AXIS-Y Mugwort Pore Clarifying Wash Off Pack 100ml,Default Title
gid://shopify/Product/11151714091345,gid://shopify/ProductVariant/54984311439697,8809634610140,AXIS-Y New Skin Resolution Gel Mask 100ml,Default Title
gid://shopify/Product/11151715041617,gid://shopify/ProductVariant/54984312914257,8809657118005,Abib Acne foam cleanser Heartleaf foam 150ml,Default Title
gid://shopify/Product/11151715565905,gid://shopify/ProductVariant/54984313995601,8809657118012,Abib Heartleaf calming toner Skin booster 200ml,Default Title
gid://shopify/Product/11151716024657,gid://shopify/ProductVariant/54984314388817,8809738603406,Abib Jericho rose crème Nutrition tube 75ml,Default Title
gid://shopify/Product/11151716450641,gid://shopify/ProductVariant/54984314716497,8809750460940,Abib Rice probiotics overnight mask Barrier jelly 80ml,Default Title
gid://shopify/Product/11151716745553,gid://shopify/ProductVariant/54984314847569,8809864750333,Abib Sedum hyaluron crème Hydrating pot 80ml,Default Title
gid://shopify/Product/11151717400913,gid://shopify/ProductVariant/54984315306321,8809864760097,Abib Sedum hyaluron pad Hydrating touch 165ml(75 pads),Default Title
gid://shopify/Product/11151724872017,gid://shopify/ProductVariant/54984330314065,8809563102365,[PURITO SEOUL] Timeless Bloom Bakuchiol Serum 30ml,Default Title
gid://shopify/Product/11151725068625,gid://shopify/ProductVariant/54984330903889,8809563103065,[PURITO SEOUL] Timeless Bloom Retinol Spot Cream 30ml,Default Title
gid://shopify/Product/11151725166929,gid://shopify/ProductVariant/54984330969425,8809563100156,[PURITO SEOUL] Wonder Releaf Centella Eye Cream 30ml,Default Title
gid://shopify/Product/11151725265233,gid://shopify/ProductVariant/54984331297105,8809563102464,[PURITO SEOUL] Wonder Releaf Centella Cream 50ml,Default Title
gid://shopify/Product/11151725298001,gid://shopify/ProductVariant/54984338145617,8809563102471,[PURITO SEOUL] Wonder Releaf Centella Cream Unscented 50ml,Default Title
gid://shopify/Product/11151725330769,gid://shopify/ProductVariant/54984338211153,8809563101023,[PURITO SEOUL] Wonder Releaf Centella Eye Cream Unscented 30ml,Default Title
gid://shopify/Product/11151725363537,gid://shopify/ProductVariant/54984338276689,8809563100149,[PURITO SEOUL] Wonder Releaf Centella Serum 60ml,Default Title
gid://shopify/Product/11151725429073,gid://shopify/ProductVariant/54984338538833,8809563100316,[PURITO SEOUL] Wonder Releaf Centella Serum Unscented 60ml,Default Title
gid://shopify/Product/11151725461841,gid://shopify/ProductVariant/54984338637137,8809563101009,[PURITO SEOUL] Wonder Releaf Centella Toner 200ml,Default Title
gid://shopify/Product/11151725527377,gid://shopify/ProductVariant/54984338702673,8809563100385,[PURITO SEOUL] Hydro Wave Deep Sea Cream 50ml,Default Title
gid://shopify/Product/11151725560145,gid://shopify/ProductVariant/54984338768209,8809563102013,[PURITO SEOUL] Galacto Niacin 97 Power Essence 60ml,Default Title
gid://shopify/Product/11151725592913,gid://shopify/ProductVariant/54984338833745,8809563102761,[PURITO SEOUL] Clear Code Superfruit Cleanser 150ml,Default Title
gid://shopify/Product/11151725625681,gid://shopify/ProductVariant/54984339128657,8809563100347,[PURITO SEOUL] Wonder Releaf Centella Toner Unscented 200ml,Default Title
gid://shopify/Product/11151725723985,gid://shopify/ProductVariant/54984339325265,8809563102655,[PURITO SEOUL] Hydro Wave Deep Sea Serum 60ml,Default Title
gid://shopify/Product/11151725789521,gid://shopify/ProductVariant/54984339390801,8809563103652,[PURITO SEOUL] Mighty Bamboo Panthenol Cleanser 150ml,Default Title
gid://shopify/Product/11151725822289,gid://shopify/ProductVariant/54984339456337,8809563103430,[PURITO SEOUL] Mighty Bamboo Panthenol Cream 100ml,Default Title
gid://shopify/Product/11151734341969,gid://shopify/ProductVariant/54984363934033,8809933611633,Dr.Jart+ Dermaclear Cleansing Foam 120ml,Default Title
gid://shopify/Product/11151735914833,gid://shopify/ProductVariant/54984369471825,8809803507967,LANEIGE Radian-C Advanced Effector 150ml,Default Title
gid://shopify/Product/11151736209745,gid://shopify/ProductVariant/54984370258257,8809803502931,LANEIGE Water Bank Blue Hyaluronic Cleansing Foam 150g,Default Title
gid://shopify/Product/11151761473873,gid://shopify/ProductVariant/54984409022801,8809525242764,[SOME BY MI] AHA BHA PHA 30 Days Miracle Serum 50ml,Default Title
gid://shopify/Product/11151761670481,gid://shopify/ProductVariant/54984409186641,8809647390114,[SOME BY MI] Galactomyces Pure Vitamin C Glow Serum 30ml,Default Title
gid://shopify/Product/11151762424145,gid://shopify/ProductVariant/54984409514321,8809647390237,[SOME BY MI] Snail Truecica Miracle Repair Toner 135ml,Default Title
gid://shopify/Product/11151762620753,gid://shopify/ProductVariant/54984409612625,8809647393221,[SOME BY MI] Yuja Niacin 30 Days Miracle Brightening Toner 150ml,Default Title
gid://shopify/Product/11151762915665,gid://shopify/ProductVariant/54984409743697,8809647392743,[SOME BY MI] Beta Panthenol Repair Gel Cleanser 120ml,Default Title
gid://shopify/Product/11151763046737,gid://shopify/ProductVariant/54984409809233,8809647392774,[SOME BY MI] Beta Panthenol Repair Cream 50ml,Default Title
gid://shopify/Product/11151763308881,gid://shopify/ProductVariant/54984409973073,8809647393214,[SOME BY MI] Beta Panthenol Repair Serum 30ml,Default Title
gid://shopify/Product/11151763603793,gid://shopify/ProductVariant/54984410038609,8809647392750,[SOME BY MI] Beta Panthenol Repair Toner 150ml,Default Title
gid://shopify/Product/11151763833169,gid://shopify/ProductVariant/54984410136913,8809647390497,[SOME BY MI] Snail Truecica Miracle Repair Low pH Gel Cleanser 100ml,Default Title
gid://shopify/Product/11151764291921,gid://shopify/ProductVariant/54984410399057,8809647394457,[SOME BY MI] Beta Panthenol Repair Body Cream 200ml,Default Title
gid://shopify/Product/11151764750673,gid://shopify/ProductVariant/54984410530129,8809647390244,[SOME BY MI] Bye Bye Blackhead 30 Days Miracle Green Tea Tox Bubble Cleanser 120g,Default Title
gid://shopify/Product/11151765373265,gid://shopify/ProductVariant/54984410759505,8809647394167,[SOME BY MI] Lacto Soy Sebum & Blackhead Cleansing Oil 200ml,Default Title
gid://shopify/Product/11151765766481,gid://shopify/ProductVariant/54984410890577,8809647391449,[SOME BY MI] AHA BHA PHA 30 Days Miracle Serum Light 50ml,Default Title
gid://shopify/Product/11151766192465,gid://shopify/ProductVariant/54984411021649,8809647392019,[SOME BY MI] AHA-BHA-PHA Miracle Calming Body Lotion 200ml,Default Title
gid://shopify/Product/11151766389073,gid://shopify/ProductVariant/54984411087185,8809647394143,[SOME BY MI] Galactomyces Glutathione Daily Mask 30 Sheets,Default Title
gid://shopify/Product/11151766618449,gid://shopify/ProductVariant/54984411185489,8809647391074,[SOME BY MI] Super Matcha Pore Clean Clay Mask 100g,Default Title
gid://shopify/Product/11151779725649,gid://shopify/ProductVariant/54984425013585,8809647391388,[SOME BY MI] Super Matcha Pore Clean Cleansing Gel 100ml,Default Title
gid://shopify/Product/11151779955025,gid://shopify/ProductVariant/54984425308497,8809647391302,[SOME BY MI] Super Matcha Pore Tightening Serum 50ml,Default Title
gid://shopify/Product/11151780053329,gid://shopify/ProductVariant/54984425406801,8809647391128,[SOME BY MI] Super Matcha Pore Tightening Toner 150ml,Default Title
gid://shopify/Product/11151781462353,gid://shopify/ProductVariant/54984426357073,8809647393085,[SOME BY MI] Yuja Niacin Anti Blemish Cream 60g,Default Title
gid://shopify/Product/11151781921105,gid://shopify/ProductVariant/54984426520913,8809647393078,[SOME BY MI] Yuja Niacin Anti Blemish Serum 50ml,Default Title
gid://shopify/Product/11151782117713,gid://shopify/ProductVariant/54984426586449,8809647395461,[SOME BY MI] PDRN Spirulina Poreless Primer 10g,Default Title
gid://shopify/Product/11151818326353,gid://shopify/ProductVariant/54984454439249,8809640736797,Anua Triple Acid Spot Care Microdart Patch 12ea,Default Title
gid://shopify/Product/11151821603153,gid://shopify/ProductVariant/54984462074193,8809606850482,celimax Dual Barrier Boosting Serum 30ml,Default Title
gid://shopify/Product/11151822815569,gid://shopify/ProductVariant/54984463778129,8809606850505,celimax Dual Barrier Skin Wearable Cream 50ml,Default Title
gid://shopify/Product/11151823274321,gid://shopify/ProductVariant/54984464040273,8809783324097,celimax JI WOO GAE Cica BHA Acne Foam Cleansing 150ml,Default Title
gid://shopify/Product/11151823602001,gid://shopify/ProductVariant/54984464499025,8809783321225,celimax JI WOO GAE Cica BHA Blemish Toner Pad 60Pads,Default Title
gid://shopify/Product/11151824486737,gid://shopify/ProductVariant/54984464695633,8809782559018,celimax Oil Control Capsule Essence 30ml,Default Title
gid://shopify/Product/11151825731921,gid://shopify/ProductVariant/54984465842513,8809606850666,celimax The Real Noni Ultimate Eye Cream 20ml,Default Title
gid://shopify/Product/11151827304785,gid://shopify/ProductVariant/54984466530641,8809700320805,celimax The Vita A Retinol Shot Tightening Serum 30ml,Default Title
gid://shopify/Product/11151827534161,gid://shopify/ProductVariant/54984466596177,8809743546880,celimax Oil Control Moisturizing Cream 80ml,Default Title
gid://shopify/Product/11151828255057,gid://shopify/ProductVariant/54984466858321,8809971484503,celimax Pore+ Dark Spot Brightening Cream 35ml,Default Title
gid://shopify/Product/11151828549969,gid://shopify/ProductVariant/54984466989393,8809875907412,celimax Pore+ Dark Spot Brightening Serum 30ml,Default Title
gid://shopify/Product/11151829041489,gid://shopify/ProductVariant/54984467120465,8809782557861,celimax The Real Cica Soothing Cream 50ml,Default Title
gid://shopify/Product/11151829270865,gid://shopify/ProductVariant/54984467186001,8809576260441,SKIN1004 Madagascar Centella Cream 75ml,Default Title
gid://shopify/Product/11151829500241,gid://shopify/ProductVariant/54984467284305,8809576261127,SKIN1004 Madagascar Centella Ampoule Foam 125ml,Default Title
gid://shopify/Product/11151829762385,gid://shopify/ProductVariant/54984467546449,8809576260700,SKIN1004 Madagascar Centella Hyalu-Cica Brightening Toner 210ml,Default Title
gid://shopify/Product/11151829991761,gid://shopify/ProductVariant/54984467611985,8809576261134,SKIN1004 Madagascar Centella Soothing Cream 75ml,Default Title
gid://shopify/Product/11151831171409,gid://shopify/ProductVariant/54984468791633,8809576261158,SKIN1004 Madagascar Centella Toning Toner 400ml,Default Title
gid://shopify/Product/11151989834065,gid://shopify/ProductVariant/54984593801553,8809913832850,SKIN1004 Madagascar Centella Hyalu-Cica Gentle Cleansing Milk 200ml,Default Title
gid://shopify/Product/11151990554961,gid://shopify/ProductVariant/54984595243345,8809913832867,SKIN1004 Madagascar Centella Tea-Trica Mild Peeling Gel 125ml,Default Title
gid://shopify/Product/11151991046481,gid://shopify/ProductVariant/54984595505489,8800240573188,medicube AGE-R Glutathione Glow Capsule Cream 50ml,Default Title
gid://shopify/Product/11151995044177,gid://shopify/ProductVariant/54984598061393,8800256112487,medicube SOYMINT Scaling Shampoo 490ml,Default Title
gid://shopify/Product/11151996322129,gid://shopify/ProductVariant/54984598978897,8800256119219,medicube PDRN Pink Tone Up Sun Cream 50ml,Default Title
gid://shopify/Product/11151998452049,gid://shopify/ProductVariant/54984600224081,8800289479458,medicube Kojic Acid Termeric Vita Jelly Mist Serum 100ml,Default Title
gid://shopify/Product/11151999041873,gid://shopify/ProductVariant/54984600584529,8809936589168,medicube AGE-R Glutathione Glow Serum 50ml,Default Title
gid://shopify/Product/11152033284433,gid://shopify/ProductVariant/54984647803217,8809652589725,numbuzin No.2 Rose PDRN Collagen 2X Plumping Serum 30ml,Default Title
gid://shopify/Product/11152033546577,gid://shopify/ProductVariant/54984648589649,8809652589718,numbuzin No.2 Rose PDRN Collagen Plumping Serum 30ml,Default Title
gid://shopify/Product/11152048914769,gid://shopify/ProductVariant/54984679948625,8809921779093,medicube Red Erasing Cream 2.0 50ml,Default Title
gid://shopify/Product/11152049209681,gid://shopify/ProductVariant/54984680735057,8809921779109,medicube Red Erasing Cream 2.0 100ml,Default Title
gid://shopify/Product/11152054354257,gid://shopify/ProductVariant/54984694432081,8809635332898,ilso No Problem Spot Softener 150g,Default Title
gid://shopify/Product/11152055075153,gid://shopify/ProductVariant/54984695710033,8809635332775,ilso Super Melting Sebum Cleansing Oil 200ml,Default Title
gid://shopify/Product/11152055697745,gid://shopify/ProductVariant/54984696889681,8809635332683,ilso Dual Cooling Master,Default Title
gid://shopify/Product/11152056287569,gid://shopify/ProductVariant/54984697577809,8809728080194,iUNIK Tea Tree Relief Toner 200ml,Default Title
gid://shopify/Product/11152056680785,gid://shopify/ProductVariant/54984699117905,8809728080071,iUNIK Tea Tree Relief Serum 50ml,Default Title
gid://shopify/Product/11152057074001,gid://shopify/ProductVariant/54984699281745,8809728080385,iUNIK Rose Galactomyces Synergy Serum 50ml,Default Title
gid://shopify/Product/11152057434449,gid://shopify/ProductVariant/54984701804881,8809728080705,iUNIK Centella Green Fresh Cleansing Oil 200ml,Default Title
gid://shopify/Product/11152057729361,gid://shopify/ProductVariant/54984702001489,8809728080729,iUNIK Argan Nourishing Hair Oil 100ml,Default Title
gid://shopify/Product/11152059924817,gid://shopify/ProductVariant/54984707866961,8809728080668,iUNIK Centella Calming AC Spot Cream 20ml,Default Title
gid://shopify/Product/11152070443345,gid://shopify/ProductVariant/54984745681233,8809581533172,dasique V Cut Blending Shading,01 Warm Blending
gid://shopify/Product/11152070443345,gid://shopify/ProductVariant/54984745714001,8809581533189,dasique V Cut Blending Shading,02 Cool Blending
gid://shopify/Product/11152078176593,gid://shopify/ProductVariant/54984768061777,8809463992738,celimax JI WOO GAE Heartleaf BHA Body Mist 150ml,Default Title
gid://shopify/Product/11152314499409,gid://shopify/ProductVariant/54985622061393,8809913830337,SKIN1004 Madagascar Centella Tea-Trica Spot Cream 20ml,Default Title
gid://shopify/Product/11152331866449,gid://shopify/ProductVariant/54985696149841,8809563103423,[PURITO SEOUL] Mighty Bamboo Panthenol Serum 30ml,Default Title
gid://shopify/Product/11152343073105,gid://shopify/ProductVariant/54985739960657,8809563103904,[PURITO SEOUL] Oat In Gentle Exfoliating Face Cleanser 150ml,Default Title
gid://shopify/Product/11152343433553,gid://shopify/ProductVariant/54985740058961,8809563103959,[PURITO SEOUL] Oat PDRN Gentle Refining Toner 200ml,Default Title
gid://shopify/Product/11152343630161,gid://shopify/ProductVariant/54985740190033,8809563103973,[PURITO SEOUL] TXA 6 Niacinamide 10 Retinal Serum 30ml,Default Title
gid://shopify/Product/11152417063249,gid://shopify/ProductVariant/54985884631377,8809643525299,MISSHA Bee Pollen Renew Skincare Set,Default Title
gid://shopify/Product/11152417816913,gid://shopify/ProductVariant/54985885483345,8809747922048,MISSHA TIME REVOLUTION NIGHT REPAIR AMPOULE CREAM 5X 50ml,Default Title
gid://shopify/Product/11152418537809,gid://shopify/ProductVariant/54985885843793,8809747932238,MISSHA TIME REVOLUTION THE FIRST ESSENCE ENRICHED 150ml,Default Title
gid://shopify/Product/11152454484305,gid://shopify/ProductVariant/54985917006161,8809409348803,MEDIPEEL MESO COLLAGEN TONER 1000ml,Default Title
gid://shopify/Product/11152454844753,gid://shopify/ProductVariant/54985917268305,8809409346342,MEDIPEEL A.C Tea Clear 50ml,Default Title
gid://shopify/Product/11152455270737,gid://shopify/ProductVariant/54985917694289,8809409347110,MEDIPEEL Dutch Tea Mattifying Mist 100ml,Default Title
gid://shopify/Product/11152459399505,gid://shopify/ProductVariant/54985921134929,8809941821680,MEDIPEEL Hyaluronic Acid Layer Mooltox Wrapping Mask 70ml,Default Title
gid://shopify/Product/11152557506897,gid://shopify/ProductVariant/54986022977873,8809409342566,MEDIPEEL Melanon X Cream 30ml,Default Title
gid://shopify/Product/11152558424401,gid://shopify/ProductVariant/54986023043409,8809409342634,MEDIPEEL Melanon X Drop Gel Cream 50g,Default Title
gid://shopify/Product/11152559145297,gid://shopify/ProductVariant/54986023666001,8809941822373,MEDIPEEL PHYTO CICA-NOL B5 Calming Wrapping Mask 70ml,Default Title
gid://shopify/Product/11152559964497,gid://shopify/ProductVariant/54986023993681,8809941824285,MEDIPEEL Peptide 9 Volume Bio Tox Glow Wrapping Mask Pro 70ml,Default Title
gid://shopify/Product/11152564650321,gid://shopify/ProductVariant/54986047848785,8809409342504,MEDIPEEL Red Lacto Collagen Wrapping Mask 70ml,Default Title
gid://shopify/Product/11152566583633,gid://shopify/ProductVariant/54986057154897,8809941821055,MEDIPEEL Vegan Vitamin Collagen Wrapping Mask 70ml,Default Title
gid://shopify/Product/11152567763281,gid://shopify/ProductVariant/54986064888145,8809409347653,MEDIPEEL AQUA PLUS TOX AMPOULE 35ml,Default Title
gid://shopify/Product/11152579756369,gid://shopify/ProductVariant/54986137010513,8809936742624,MEDIHEAL Madecassoside Derma Ampoule Blemish Repair 50ml,Default Title
gid://shopify/Product/11152580084049,gid://shopify/ProductVariant/54986137108817,8809936743140,MEDIHEAL Vitamin Derma Ampoule Brightening 50ml,Default Title
gid://shopify/Product/11152651321681,gid://shopify/ProductVariant/54986211230033,8809655951550,Jumiso Antioxidant Glow Facial Essence 40ml,Default Title
gid://shopify/Product/11152689889617,gid://shopify/ProductVariant/54986263855441,8809567708662,FULLY LEMON VITA BUBBLE SERUM 95ml,Default Title
gid://shopify/Product/11152690151761,gid://shopify/ProductVariant/54986264510801,8809567708686,FULLY LEMON VITA BUBBLE MASK CLEANSER 150ml,Default Title
gid://shopify/Product/11152690839889,gid://shopify/ProductVariant/54986265428305,8809567708280,FULLY ADLAY NIACIN GRAIN MASK 120ml,Default Title
gid://shopify/Product/11152691134801,gid://shopify/ProductVariant/54986265690449,8809567707979,FULLY RICE CERAMIDE ESSENCE TONER 250ml,Default Title
gid://shopify/Product/11152691462481,gid://shopify/ProductVariant/54986266214737,8809567708549,FULLY RED TOMATO JAM MASK CLEANSER 120ml,Default Title
gid://shopify/Product/11152691724625,gid://shopify/ProductVariant/54986266575185,8809567707962,FULLY RICE DOUGH MASK CLEANSER 130ml,Default Title
gid://shopify/Product/11152692085073,gid://shopify/ProductVariant/54986267558225,8809567708037,FULLY RICE CERAMIDE MOISTURE SUN CREAM 50ml,Default Title
gid://shopify/Product/11152729047377,gid://shopify/ProductVariant/54986329719121,8806133613788,Dr.Ceuracle Pro Balance Biotics Toner 300ml,Default Title
gid://shopify/Product/11152729473361,gid://shopify/ProductVariant/54986330210641,8806133614013,Dr.Ceuracle Pro Balance Biotics Moisturizer 100ml,Default Title
gid://shopify/Product/11152729768273,gid://shopify/ProductVariant/54986330833233,8806133613948,Dr.Ceuracle Pro Balance Creamy Deep Cleansing Foam 150ml,Default Title
gid://shopify/Product/11152730161489,gid://shopify/ProductVariant/54986337026385,8806133613825,Dr.Ceuracle Pro Balance Night Enzyme Wash 50g,Default Title
gid://shopify/Product/11152731504977,gid://shopify/ProductVariant/54986337780049,8806133613924,Dr.Ceuracle Pro Balance Pure deep Cleansing Oil 155ml,Default Title
gid://shopify/Product/11152732193105,gid://shopify/ProductVariant/54986338632017,8806133615850,Dr.Ceuracle Pure VC Mellight Boosting Essence 145ml,Default Title
gid://shopify/Product/11152732815697,gid://shopify/ProductVariant/54986339451217,8806133615225,Dr.Ceuracle Royal Vita Propolis 33 Eye Cream 20ml,Default Title
gid://shopify/Product/11152734355793,gid://shopify/ProductVariant/54986341187921,8806133616642,Dr.Ceuracle Royal Vita Propolis 33 Cream 50g,Default Title
gid://shopify/Product/11152736190801,gid://shopify/ProductVariant/54986343711057,8806133614907,Dr.Ceuracle Scalp DX Scaling Shampoo 500ml,Default Title
gid://shopify/Product/11152737010001,gid://shopify/ProductVariant/54986345087313,8806133613702,Dr.Ceuracle Tea Tree Purifine Cream 50g,Default Title
gid://shopify/Product/11152737337681,gid://shopify/ProductVariant/54986345709905,8806133616055,Dr.Ceuracle Vegan Active Berry Firming Eye Cream 32g,Default Title
gid://shopify/Product/11152737763665,gid://shopify/ProductVariant/54986346004817,8806133615584,Dr.Ceuracle Vegan Active Berry Lifting Cream 75g,Default Title
gid://shopify/Product/11152737993041,gid://shopify/ProductVariant/54986346463569,8806133616147,Dr.Ceuracle Vegan Active Berry Lip Oil 4.5ml,Default Title
gid://shopify/Product/11152738976081,gid://shopify/ProductVariant/54986348364113,8806133614778,Dr.Ceuracle Vegan Kombucha Tea Essence 150ml,Default Title
gid://shopify/Product/11152739893585,gid://shopify/ProductVariant/54986349543761,8806133616956,Dr.Ceuracle Hyal Reyouth Melting Foaming Balm 100ml,Default Title
gid://shopify/Product/11152740188497,gid://shopify/ProductVariant/54986350068049,8806133616628,Dr.Ceuracle Vegan Kombucha Tea Mist 80ml,Default Title
gid://shopify/Product/11152741990737,gid://shopify/ProductVariant/54986352460113,8809447255620,Dr.Althea Pore Refresh Grinding Cleansing Balm 50ml,Default Title
gid://shopify/Product/11152745660753,gid://shopify/ProductVariant/54986356916561,8809447251363,Dr.Althea 147 Barrier Cream 50ml,Default Title
gid://shopify/Product/11152746316113,gid://shopify/ProductVariant/54986357702993,8809447251394,Dr.Althea 345 Relief Cream 50ml,Default Title
gid://shopify/Product/11152747626833,gid://shopify/ProductVariant/54986360062289,8809447255101,Dr.Althea Gentle Vitamin C Serum 30ml,Default Title
gid://shopify/Product/11152747954513,gid://shopify/ProductVariant/54986360488273,8809447255071,Dr.Althea Pure Grinding Cleansing Balm 50ml,Default Title
gid://shopify/Product/11152748380497,gid://shopify/ProductVariant/54986362290513,8809447254388,Dr.Althea Vitamin C Boosting Serum 30ml,Default Title
gid://shopify/Product/11152957440337,gid://shopify/ProductVariant/54986699145553,8806133613801,Dr.Ceuracle Royal Vita Propolis 33 Ampoule 30ml,Default Title
gid://shopify/Product/11153036673361,gid://shopify/ProductVariant/54986862231889,8809598452657,COSRX Advanced Snail 92 All in one Cream 100ml,Default Title
gid://shopify/Product/11153037066577,gid://shopify/ProductVariant/54986862362961,8809598451070,COSRX Advanced Snail Peptide Eye Cream 25ml,Default Title
gid://shopify/Product/11153037558097,gid://shopify/ProductVariant/54986862723409,8809416471310,COSRX Galactomyces 95 Tone Balancing Essence 100ml,Default Title
gid://shopify/Product/11153038377297,gid://shopify/ProductVariant/54986862985553,8809598450820,COSRX Full Fit Propolis Light Ampoule 30ml,Default Title
gid://shopify/Product/11153039556945,gid://shopify/ProductVariant/54986865738065,8809598451513,COSRX Pure Fit Cica Cream 50ml,Default Title
gid://shopify/Product/11153039851857,gid://shopify/ProductVariant/54986865836369,8809598451506,COSRX Pure Fit Cica Serum 30ml,Default Title
gid://shopify/Product/11153040081233,gid://shopify/ProductVariant/54986865934673,8809598451490,COSRX Pure Fit Cica Toner 150ml,Default Title
gid://shopify/Product/11153040638289,gid://shopify/ProductVariant/54986866458961,8809598450141,COSRX AC Collection Calming Liquid Mild 125ml,Default Title
gid://shopify/Product/11153040933201,gid://shopify/ProductVariant/54986866590033,8809598453128,COSRX Pure Fit Cica Cream Intense 50ml,Default Title
gid://shopify/Product/11153041228113,gid://shopify/ProductVariant/54986866852177,8809598453333,COSRX Pure Fit Cica Clear Cleansing Oil 200ml,Default Title
gid://shopify/Product/11153041523025,gid://shopify/ProductVariant/54986867114321,8809598450646,COSRX Hydrium Moisture Power Enriched Cream 50ml,Default Title
gid://shopify/Product/11153041850705,gid://shopify/ProductVariant/54986867245393,8809598450622,COSRX Hydrium Green Tea Aqua Soothing Gel Cream 50ml,Default Title
gid://shopify/Product/11153042374993,gid://shopify/ProductVariant/54986867573073,8809598450165,COSRX AC Collection Ultimate Spot Cream 30g,Default Title
gid://shopify/Product/11153042833745,gid://shopify/ProductVariant/54986867736913,8809598453364,COSRX Low pH Good Night Soft Peeling Gel 120ml,Default Title
gid://shopify/Product/11153043882321,gid://shopify/ProductVariant/54986869801297,8809598454637,COSRX The Niacinamide 15 Serum 20ml,Default Title
gid://shopify/Product/11153044111697,gid://shopify/ProductVariant/54986870030673,8809598454668,COSRX The Hyaluronic Acid 3 Serum 20ml,Default Title
gid://shopify/Product/11153044668753,gid://shopify/ProductVariant/54986870227281,8809598454781,COSRX The Retinol 0.1 Cream 20ml,Default Title
gid://shopify/Product/11153044996433,gid://shopify/ProductVariant/54986870423889,8809598454644,COSRX The Retinol 0.5 Oil 20ml,Default Title
gid://shopify/Product/11153046733137,gid://shopify/ProductVariant/54986872291665,8809598452053,COSRX Advanced Snail Radiance Dual Essence 80ml,Default Title
gid://shopify/Product/11153047585105,gid://shopify/ProductVariant/54986872914257,8809598455627,COSRX Low pH Niacinamide Micellar Cleansing Water 400ml,Default Title
gid://shopify/Product/11153047847249,gid://shopify/ProductVariant/54986873045329,8809416470184,COSRX Hyaluronic Acid Hydra Power Essence 100ml,Default Title
gid://shopify/Product/11153048306001,gid://shopify/ProductVariant/54986873405777,8809598455658,COSRX The 6 Peptide Skin Booster Serum 150ml,Default Title
gid://shopify/Product/11153048666449,gid://shopify/ProductVariant/54986873471313,8809598454880,COSRX The Alpha-Arbutin 2 Discoloration Care Serum 50ml,Default Title
gid://shopify/Product/11153048895825,gid://shopify/ProductVariant/54986873602385,8809598455795,COSRX The Retinol 0.3 Cream 20ml,Default Title
gid://shopify/Product/11153065738577,gid://shopify/ProductVariant/54986889494865,8809598457171,COSRX The Ceramide Skin Barrier Moisturizer 80ml,Default Title
gid://shopify/Product/11153067868497,gid://shopify/ProductVariant/54986891166033,8800311120679,COSRX PDRN Exosome Skinplaning Glaze Mask 50ml,Default Title
gid://shopify/Product/11153068097873,gid://shopify/ProductVariant/54986892050769,8800311121423,COSRX 5PDRN Collagen Intense Vitalizing Serum 100ml,Default Title
gid://shopify/Product/11153068360017,gid://shopify/ProductVariant/54986892181841,8800311120112,COSRX Skin Barrier Moisturizing Cream 450ml,Default Title
gid://shopify/Product/11153068687697,gid://shopify/ProductVariant/54986892378449,8800311121416,COSRX 5 PDRN B5 Vital Soothing Toner 280ml,Default Title
gid://shopify/Product/11153072521553,gid://shopify/ProductVariant/54986895950161,8809583811018,COSNORI Long Active Eyelash Serum 9g,Default Title
gid://shopify/Product/11153075274065,gid://shopify/ProductVariant/54986897588561,8809583813067,COSNORI Panthenol Barrier Toner 205ml,Default Title
gid://shopify/Product/11153075568977,gid://shopify/ProductVariant/54986897949009,8809583813074,COSNORI Panthenol Barrier Emulsion 150ml,Default Title
gid://shopify/Product/11153681711441,gid://shopify/ProductVariant/54988029133137,8806109104227,CENTELLIAN24 Madeca Powder Tea Tree AC 6g,Default Title
gid://shopify/Product/11153686266193,gid://shopify/ProductVariant/54988049219921,8809937360674,Biodance Skin Barrier Sun Safe 30ml,Default Title
gid://shopify/Product/11153686364497,gid://shopify/ProductVariant/54988050006353,8809937360698,Biodance Skin All-day Cover Balm 30ml,Default Title
gid://shopify/Product/11153686888785,gid://shopify/ProductVariant/54988054036817,8809937360230,Biodance Skin Refining Mild PHA Toner 150ml,Default Title
gid://shopify/Product/11153687052625,gid://shopify/ProductVariant/54988054397265,8809891184330,Biodance Pore Perfecting Collagen Peptide Cream 50ml,Default Title
gid://shopify/Product/11153687150929,gid://shopify/ProductVariant/54988054593873,8809891184316,Biodance Pore Perfecting Collagen Peptide Serum 30ml,Default Title
gid://shopify/Product/11153688002897,gid://shopify/ProductVariant/54988056002897,8809566990761,Benton Pore Clear Brush,Default Title
gid://shopify/Product/11153688756561,gid://shopify/ProductVariant/54988059967825,8809566992574,Benton Scalp Brush Massager,Default Title
gid://shopify/Product/11153689084241,gid://shopify/ProductVariant/54988060721489,8809738316412,[Beauty of Joseon] Calming Serum Green Tea + Panthenol 30ml,Default Title
gid://shopify/Product/11153692754257,gid://shopify/ProductVariant/54988110496081,8809738310960,[Beauty of Joseon] Ginseng Essence Water 150ml,Default Title
gid://shopify/Product/11153693049169,gid://shopify/ProductVariant/54988112003409,8809738316139,[Beauty of Joseon] Revive Serum: Ginseng + Snail Mucin 30ml,Default Title
gid://shopify/Product/11153693245777,gid://shopify/ProductVariant/54988112757073,8809954941498,[Beauty of Joseon] Dynasty Cream 100ml,Default Title
gid://shopify/Product/11153693311313,gid://shopify/ProductVariant/54988113412433,8809968130239,[Beauty of Joseon] Glow Replenishing Rice Milk 150ml,Default Title
gid://shopify/Product/11153693671761,gid://shopify/ProductVariant/54988114100561,8809738316993,[Beauty of Joseon] Red Bean Water Gel 100ml,Default Title
gid://shopify/Product/11153714512209,gid://shopify/ProductVariant/54988197298513,8809634610966,AXIS-Y Dark Spot Correcting Glow Cream 50ml,Default Title
gid://shopify/Product/11153714544977,gid://shopify/ProductVariant/54988197396817,8809634610881,AXIS-Y Vegan Collagen Eye Serum 10ml,Default Title
gid://shopify/Product/11153714577745,gid://shopify/ProductVariant/54988197462353,8809634610683,AXIS-Y Panthenol 10 Skin Smoothing Shield Cream 50ml,Default Title
gid://shopify/Product/11153714610513,gid://shopify/ProductVariant/54988197822801,8809634610249,AXIS-Y Spot The Difference Blemish Treatment 15ml,Default Title
gid://shopify/Product/11153715200337,gid://shopify/ProductVariant/54988201132369,8809634610959,AXIS-Y Dark Spot Correcting Glow Toner 125ml,Default Title
gid://shopify/Product/11153808490833,gid://shopify/ProductVariant/54988620923217,8809836240084,12GRABS Vegan Comforting Sun 50ml,Default Title
gid://shopify/Product/11153808884049,gid://shopify/ProductVariant/54988621414737,8809836240022,12GRABS Octuple Hyaluron Moist Essence 50ml,Default Title
gid://shopify/Product/11153810587985,gid://shopify/ProductVariant/54988626886993,8809151130510,AROMATICA Pure & Soft Feminine Wash 170ml,Default Title
gid://shopify/Product/11153813111121,gid://shopify/ProductVariant/54988632424785,8809576260601,SKIN1004 Madagascar Centella Ampoule 55ml,Default Title
gid://shopify/Product/11153815273809,gid://shopify/ProductVariant/54988636160337,8809968130246,[Beauty of Joseon] Ground Rice and Honey Glow Mask 150ml,Default Title
gid://shopify/Product/11153815503185,gid://shopify/ProductVariant/54988636684625,8809738316986,[Beauty of Joseon] Red Bean Refreshing Pore Mask 140ml,Default Title
gid://shopify/Product/11153815535953,gid://shopify/ProductVariant/54988636914001,8809598452336,COSRX Full Fit Propolis Honey Overnight Mask 60ml,Default Title
gid://shopify/Product/11153816289617,gid://shopify/ProductVariant/54988639469905,8809803556132,[mise en scene] Perfect Super Rich Serum Conditioner 680ml,Default Title
gid://shopify/Product/11153816453457,gid://shopify/ProductVariant/54988640321873,8809803556118,[mise en scene] Perfect Styling Serum Conditioner 680ml,Default Title
gid://shopify/Product/11153816912209,gid://shopify/ProductVariant/54988641042769,8809647393603,[SOME BY MI] Lacto Soy Low pH Morning Cleansing Bar,Default Title
gid://shopify/Product/11153853317457,gid://shopify/ProductVariant/54988789121361,8809968209577,d'Alba Vita Toning Serum Lotion 100ml,Default Title
gid://shopify/Product/11153854071121,gid://shopify/ProductVariant/54988790563153,8809772785151,d'Alba Professional Repairing Hair Oil Serum 75ml,Default Title
gid://shopify/Product/11153857741137,gid://shopify/ProductVariant/54988802130257,8809928131153,TIRTIR Milk Skin Toner 150ml,Default Title
gid://shopify/Product/11153866916177,gid://shopify/ProductVariant/54988833947985,8809486682272,[Pyunkang Yul] Black Tea Boosting Serum 45ml,Default Title
gid://shopify/Product/11153867080017,gid://shopify/ProductVariant/54988834668881,8809925161016,IOPE Vitamin C Expert 40% Mask Concentrate 15g,Default Title
gid://shopify/Product/11153867112785,gid://shopify/ProductVariant/54988834799953,8800283639452,IOPE Retinol Super Bounce Serum 30ml,Default Title
gid://shopify/Product/11153868620113,gid://shopify/ProductVariant/54988839715153,8809747942060,MISSHA CHOGONGJIN GEUMSUL SKINCARE SET,Default Title
gid://shopify/Product/11153874780497,gid://shopify/ProductVariant/54988851544401,8809486682289,[Pyunkang Yul] Black Tea Enriched Cream 60ml,Default Title
gid://shopify/Product/11153878122833,gid://shopify/ProductVariant/54988860490065,8800283639445,IOPE Retinol Super Bounce Serum 50ml,Default Title
gid://shopify/Product/11153887265105,gid://shopify/ProductVariant/54988884181329,8800256114368,medicube AGE-R HIGH FOCUS SHOT,Default Title
gid://shopify/Product/11153927536977,gid://shopify/ProductVariant/54988977439057,8809647390961,SOME BY MI Cica Peptide Anti Hair Loss Derma Scalp Shampoo 285ml,Default Title
gid://shopify/Product/11153927668049,gid://shopify/ProductVariant/54988977602897,8809647391104,[SOME BY MI] Cica Peptide Anti Hair Loss Derma Scalp Tonic 150ml,Default Title
gid://shopify/Product/11153928716625,gid://shopify/ProductVariant/54988979470673,8809897422092,Daleaf Glam Stick Hair Wax 16g,Default Title
gid://shopify/Product/11154382815569,gid://shopify/ProductVariant/54989883801937,8809598457355,COSRX PEPTIDE-132 Ultra Perfect Hair Bonding Oil Serum 28ml,Default Title
gid://shopify/Product/11154383044945,gid://shopify/ProductVariant/54989883900241,8809598457348,COSRX PEPTIDE-132 Ultra Perfect Hair Bonding Treatment 120ml,Default Title
gid://shopify/Product/11154383274321,gid://shopify/ProductVariant/54989884129617,8809598457331,COSRX PEPTIDE-132 Ultra Perfect Hair Bonding Shampoo 200ml,Default Title
gid://shopify/Product/11154524111185,gid://shopify/ProductVariant/54990107083089,8809647395911,[SOME BY MI] Retinol Bakuchiol Bubble Toner 100ml,Default Title
gid://shopify/Product/11154524340561,gid://shopify/ProductVariant/54990107541841,8809647395928,[SOME BY MI] Retinol Bakuchiol Dual Cream 50ml,Default Title
gid://shopify/Product/11163085209937,gid://shopify/ProductVariant/55008836157777,8809581452329,MISSHA All Around Safe Block Essence Sun Milk EX SPF50+ PA+++ 70ml,Default Title
gid://shopify/Product/11163085603153,gid://shopify/ProductVariant/55008837468497,8809747923564,MISSHA Vita C Plus Eraser Toning Cream 30ml,Default Title
gid://shopify/Product/11163761213777,gid://shopify/ProductVariant/55010743386449,8806121401519,REJURAN Recover Healer Boosting Gel 200ml,Default Title
gid://shopify/Product/11163764457809,gid://shopify/ProductVariant/55010753249617,8806121401809,REJURAN Biome Healer Youth Formula Ampoule 30ml,Default Title
gid://shopify/Product/11163767374161,gid://shopify/ProductVariant/55010768257361,8806121402707,REJURAN Intensive Eye Cream 20ml,Default Title
gid://shopify/Product/11163767603537,gid://shopify/ProductVariant/55010769207633,8806121402066,REJURAN Turnover Ampoule 50ml,Default Title
gid://shopify/Product/11163774583121,gid://shopify/ProductVariant/55010801320273,8809643525169,MISSHA Vita C Plus Brightening Toner 200ml,Default Title
gid://shopify/Product/11165648224593,gid://shopify/ProductVariant/55020274418001,8806194074122,TONYMOLY Eye Tone Pocket Palette Case,Default Title
gid://shopify/Product/11165651632465,gid://shopify/ProductVariant/55020278546769,8809530044148,MISSHA Perfect Lip & Eye Makeup Remover 155ml,Default Title
gid://shopify/Product/11165708157265,gid://shopify/ProductVariant/55020388319569,8809782553412,d'Alba White Truffle Nourishing Serum Lip Balm 3.6g,Default Title
gid://shopify/Product/11165709140305,gid://shopify/ProductVariant/55020390809937,8801051288988,belif Super Knights Multi Vitamin Lipcerin 15ml,Default Title
gid://shopify/Product/11165824418129,gid://shopify/ProductVariant/55020614189393,8809820700228,ETUDE Bare Edge Makeup Multi Sealer 8g,Default Title
gid://shopify/Product/11165832642897,gid://shopify/ProductVariant/55020642173265,8809581535251,dasique Blending Mood Cheek - 10 Muted Nuts,Default Title
gid://shopify/Product/11166647648593,gid://shopify/ProductVariant/55023427289425,8809581533714,dasique Blending Mood Cheek - 08 Blueberry Sorbet,Default Title
gid://shopify/Product/11166647845201,gid://shopify/ProductVariant/55023427682641,8809581533608,dasique Blending Mood Cheek - 06 Berry Smoothie,Default Title
gid://shopify/Product/11166648009041,gid://shopify/ProductVariant/55023428108625,8809581533707,dasique Blending Mood Cheek - 07 Candy Berry,Default Title
gid://shopify/Product/11166648271185,gid://shopify/ProductVariant/55023428501841,8809581532137,dasique Blending Mood Cheek - 02 Cool Blending,Default Title
gid://shopify/Product/11166648500561,gid://shopify/ProductVariant/55023428731217,8809581532564,dasique Blending Mood Cheek - 03 Peach Blending,Default Title
gid://shopify/Product/11166648729937,gid://shopify/ProductVariant/55023428993361,8809581532786,dasique Blending Mood Cheek - 04 Beige Knit,Default Title
gid://shopify/Product/11166648926545,gid://shopify/ProductVariant/55023429255505,8809581532762,dasique Blending Mood Cheek - 05 Violet Knit,Default Title
gid://shopify/Product/11166649155921,gid://shopify/ProductVariant/55023429484881,8809581532144,dasique Blending Mood Cheek - 01 Warm Blending,Default Title
gid://shopify/Product/11166683562321,gid://shopify/ProductVariant/55023710536017,8809339907569,Elizavecca Skin Liar Primer 30ml,Default Title
gid://shopify/Product/11166708400465,gid://shopify/ProductVariant/55023861498193,8809508850009,PETITFEE Snow Lotus White Tone Up Cream 50ml,Default Title
gid://shopify/Product/11166710858065,gid://shopify/ProductVariant/55023874376017,8809581480957,MISSHA For Men Extreme Renew Skin 120ml,Default Title
gid://shopify/Product/11167497584977,gid://shopify/ProductVariant/55027006931281,8809567704862,OBgE Cloud Deep Cleansing Foam 150ml,Default Title
gid://shopify/Product/11167497847121,gid://shopify/ProductVariant/55027007684945,8809567704596,OBgE All in One Double Essence 100ml,Default Title
gid://shopify/Product/11167498273105,gid://shopify/ProductVariant/55027009421649,8809567703971,OBgE One Step Pore Cleansing Sheet 135g/32ea,Default Title
gid://shopify/Product/11167498633553,gid://shopify/ProductVariant/55027010109777,8809567704411,OBgE Gentle Finish Shaving Gel 80g,Default Title
gid://shopify/Product/11167499682129,gid://shopify/ProductVariant/55027014959441,8809567707825,FULLY PORE CLEANSING BRUSH,Default Title
gid://shopify/Product/11167507939665,gid://shopify/ProductVariant/55027039863121,8809724475956,Dr.Jart+ Every Sun Day Mild Sun 30ml,Default Title
gid://shopify/Product/11167542673745,gid://shopify/ProductVariant/55027161694545,8809581452398,MISSHA All Around Safe Block Essence Sun SPF45 PA+++ 50ml,Default Title
gid://shopify/Product/11167549948241,gid://shopify/ProductVariant/55027193577809,8809925155008,IOPE UV shield Sun Ampoule SPF50+ PA+++ 40ml,Default Title
gid://shopify/Product/11167554568529,gid://shopify/ProductVariant/55027213926737,8806121401823,REJURAN Biome Healer Youth Formula Suncream 50ml,Default Title
gid://shopify/Product/11167580062033,gid://shopify/ProductVariant/55028055802193,8809747942138,MISSHA All Around Safe Block Cotton Sun SPF50+ PA++++ 50ml,Default Title
gid://shopify/Product/11167581864273,gid://shopify/ProductVariant/55028063600977,8809747942121,MISSHA All-Around Safe Block Aqua Sun SPF50+ PA++++ 50ml,Default Title
gid://shopify/Product/11167587107153,gid://shopify/ProductVariant/55028079001937,8809151132491,AROMATICA Serene Body Wash Lavender & Marjoram 300ml,Default Title
gid://shopify/Product/11167591268689,gid://shopify/ProductVariant/55028089651537,8809563067954,d'Alba White Truffle Aromatic Body Mist Serum 180ml,Default Title
gid://shopify/Product/11167591465297,gid://shopify/ProductVariant/55028089979217,8809486680193,[Pyunkang Yul] ATO Wash & Shampoo Blue Label 350ml,Default Title
gid://shopify/Product/11167591498065,gid://shopify/ProductVariant/55028090077521,8809486684146,[Pyunkang Yul] Body Lotion Dancheong 350ml,Default Title
gid://shopify/Product/11167591563601,gid://shopify/ProductVariant/55028090208593,8809486682395,[Pyunkang Yul] Intensive Ceramide Lotion 290ml,Default Title
gid://shopify/Product/11167592317265,gid://shopify/ProductVariant/55028092141905,8809238967923,AROMATICA Circulating Massage Cream Juniper Berry & Lemon 100ml,Default Title
gid://shopify/Product/11167594152273,gid://shopify/ProductVariant/55028099645777,8809874685168,APLB Collagen EGF Peptide Body Lotion 300ml,Default Title
gid://shopify/Product/11167594250577,gid://shopify/ProductVariant/55028099711313,8809874685175,APLB Tranexamic Acid Niacinamide Body Lotion 300ml,Default Title
gid://shopify/Product/11167594381649,gid://shopify/ProductVariant/55028100301137,8809874685151,APLB Retinol Vitamin C Vitamin E Body Lotion 300ml,Default Title
gid://shopify/Product/11167599231313,gid://shopify/ProductVariant/55028113113425,8809486683767,[Pyunkang Yul] Hand Cream Dancheong 75ml,Default Title
gid://shopify/Product/11167600443729,gid://shopify/ProductVariant/55028115865937,8809238966414,AROMATICA INSPIRIT HAND CREAM BASIL & BERGAMOT 30ml,Default Title
gid://shopify/Product/11167600476497,gid://shopify/ProductVariant/55028115997009,8809238966407,AROMATICA MELLOWNESS HAND CREAM MAGNOLIA & SANDALWOOD 30ml,Default Title
gid://shopify/Product/11167600509265,gid://shopify/ProductVariant/55028116193617,8809238966391,AROMATICA EMBRACE HAND CREAM NEROLI & PATCHOULI 30ml,Default Title
gid://shopify/Product/11167602868561,gid://shopify/ProductVariant/55028126417233,8806121400529,REJURAN Calming Lip Balm 3.7g,Default Title
gid://shopify/Product/11167603360081,gid://shopify/ProductVariant/55028128678225,8809567709157,FULLY GREEN TOMATO SMOOTIE LIP SCRUB 12g,Default Title
gid://shopify/Product/11167603753297,gid://shopify/ProductVariant/55028129956177,8809567709140,FULLY RED TOMATO JELLY LIP MASK 12g,Default Title
gid://shopify/Product/11167605948753,gid://shopify/ProductVariant/55028146372945,8806135244911,Isntree TW-Real Eye Cream 30ml,Default Title
gid://shopify/Product/11167606178129,gid://shopify/ProductVariant/55028146864465,8809653234433,Hanskin Collagen Peptide Eye Cream 80ml,Default Title
gid://shopify/Product/11167607980369,gid://shopify/ProductVariant/55028149813585,8809874682754,APLB GLUTATHIONE NIACINAMIDE EYE CREAM 20ml,Default Title
gid://shopify/Product/11167622889809,gid://shopify/ProductVariant/55028183400785,8809954944956,d'Alba Vita Toning Capsule Cream 55g,Default Title
gid://shopify/Product/11167623676241,gid://shopify/ProductVariant/55028185956689,8801051454376,belif Numero 10 Essence 125ml,Default Title
gid://shopify/Product/11167624233297,gid://shopify/ProductVariant/55028188512593,8809782554426,d'Alba White Truffle Double Serum & Cream 70g,Default Title
gid://shopify/Product/11167624331601,gid://shopify/ProductVariant/55028188807505,8806121401816,REJURAN Biome Healer Youth Formula Cream 50ml,Default Title
gid://shopify/Product/11167625216337,gid://shopify/ProductVariant/55028191920465,8809486682265,[Pyunkang Yul] Black Tea Deep Infusion Toner 130ml,Default Title
gid://shopify/Product/11167627280721,gid://shopify/ProductVariant/55028208959825,8801051731972,belif The True Cream Moisturizing Bomb 75ml,Default Title
gid://shopify/Product/11167627805009,gid://shopify/ProductVariant/55028210172241,8809418755869,Elizavecca Aqua Water Snail Mucin Cream 50ml,Default Title
gid://shopify/Product/11167627870545,gid://shopify/ProductVariant/55028210434385,8800250590083,d'Alba White Truffle First Oil Capsule Serum 100ml,Default Title
gid://shopify/Product/11167628853585,gid://shopify/ProductVariant/55028213285201,8801051926033,belif CREAMY MOISTURIZER DEEP MOIST 125mL,Default Title
gid://shopify/Product/11167631311185,gid://shopify/ProductVariant/55028238057809,8809874682679,APLB Glutathione Niacinamide Ampoule Serum 40ml,Default Title
gid://shopify/Product/11167631376721,gid://shopify/ProductVariant/55028238156113,8809874682709,APLB Glutathione Niacinamide Facial Toner 160ml,Default Title
gid://shopify/Product/11167632425297,gid://shopify/ProductVariant/55028258865489,8809800940156,Isntree Chestnut BHA 0.9% Clear Toner 200ml,Default Title
gid://shopify/Product/11167632916817,gid://shopify/ProductVariant/55028260012369,8809541190254,Isntree Green Tea Fresh Emulsion 120ml,Default Title
gid://shopify/Product/11167632949585,gid://shopify/ProductVariant/55028260077905,8809541190421,Isntree Green Tea Fresh Toner 200ml,Default Title
gid://shopify/Product/11167632982353,gid://shopify/ProductVariant/55028260176209,8809581471818,MISSHA Glow Skin Balm 50ml,Default Title
gid://shopify/Product/11167641272657,gid://shopify/ProductVariant/55028284588369,8809800940699,Isntree Aloe Soothing Gel Fresh Type 300ml,Default Title
gid://shopify/Product/11167643074897,gid://shopify/ProductVariant/55028290158929,8809486680001,[Pyunkang Yul] Mist Toner 100ml,Default Title
gid://shopify/Product/11167643500881,gid://shopify/ProductVariant/55028292157777,8806194039619,TONYMOLY Wonder Ceramide Mochi Emulsion 300ml,Default Title
gid://shopify/Product/11167708774737,gid://shopify/ProductVariant/55028995981649,8809642712867,Dr.Jart+ Ctrl-A Teatreement Toner 120ml,Default Title
gid://shopify/Product/11167715197265,gid://shopify/ProductVariant/55029044478289,8809187049350,Isntree C-Niacin Toning Ampoule 50ml,Default Title
gid://shopify/Product/11167715557713,gid://shopify/ProductVariant/55029048541521,8809686383566,Isntree Hyaluronic Acid Aqua Gel Cream 100ml,Default Title
gid://shopify/Product/11167717491025,gid://shopify/ProductVariant/55029058797905,8809508850849,PETITFEE Calming Spot Treatment 20g,Default Title
gid://shopify/Product/11167725879633,gid://shopify/ProductVariant/55029106409809,8809541190438,Isntree Aloe Soothing Toner 200ml,Default Title
gid://shopify/Product/11167742886225,gid://shopify/ProductVariant/55029188493649,8809541190247,Isntree Aloe Soothing Emulsion 120ml,Default Title
gid://shopify/Product/11167744524625,gid://shopify/ProductVariant/55029192753489,8800250591158,d'Alba Vita Toning Capsule Serum 100ml,Default Title
gid://shopify/Product/11167773950289,gid://shopify/ProductVariant/55029298495825,8809339905435,Elizavecca Milky Piggy Hell-Pore Clean Up Mask 100ml,Default Title
gid://shopify/Product/11167774114129,gid://shopify/ProductVariant/55029298921809,8809311914035,Elizavecca Green Piggy Collagen Jella Pack 100g,Default Title
gid://shopify/Product/11167792529745,gid://shopify/ProductVariant/55029374583121,8809581076334,Isntree Real Rose Calming Mask 100ml,Default Title
gid://shopify/Product/11167803277649,gid://shopify/ProductVariant/55029402763601,8809728080347,iUNIK Propolis Vitamin Sleeping Mask 60ml,Default Title
gid://shopify/Product/11167818744145,gid://shopify/ProductVariant/55029450309969,8809418751601,Elizavecca Hell-Pore Bubble Black Boom Pore Pack 150ml,Default Title
gid://shopify/Product/11167821267281,gid://shopify/ProductVariant/55029457289553,8801051484335,belif Super Knights Multi Vitamin Mask 75ml,Default Title
gid://shopify/Product/11167821693265,gid://shopify/ProductVariant/55029457813841,8809418750093,Elizavecca Milky Piggy Herb Soul Hydro Aqua Jella Pack 250ml,Default Title
gid://shopify/Product/11167822807377,gid://shopify/ProductVariant/55029460566353,8809339903400,Elizavecca Hell-Pore Longolongo Gronique Diamond Mask Pack 100ml,Default Title
gid://shopify/Product/11167834177873,gid://shopify/ProductVariant/55029482553681,8809447254197,Dr.Althea Premium Rosa Modeling Mask Set 25g*5ea,Default Title
gid://shopify/Product/11167834440017,gid://shopify/ProductVariant/55029482783057,8809567708563,FULLY RICE-DOUGH MODELING MASK 50g*4ea,Default Title
gid://shopify/Product/11167836045649,gid://shopify/ProductVariant/55029485142353,8806133614723,Dr.Ceuracle Tea Tree Purifine Soothing Mask 23ml*10ea,Default Title
gid://shopify/Product/11167836733777,gid://shopify/ProductVariant/55029486059857,8806133615812,Dr.Ceuracle Royal Vita Propolis Anti-Oxidant Mask 30ml*10ea,Default Title
gid://shopify/Product/11168270057809,gid://shopify/ProductVariant/55032551965009,8809653233351,Hanskin Vitamin C Glow Mask 70ml,Default Title
gid://shopify/Product/11168270909777,gid://shopify/ProductVariant/55032553374033,8809071369427,Elizavecca Milky Piggy Carbonated Bubble Clay Mask 100g,Default Title
gid://shopify/Product/11168287719761,gid://shopify/ProductVariant/55032618287441,8809820686010,ETUDE PPOYAN Cleansing Oil 150ml,Default Title
gid://shopify/Product/11168290996561,gid://shopify/ProductVariant/55032624939345,8809714721742,ilso Natural Mild Cleansing Oil 200ml,Default Title
gid://shopify/Product/11168291094865,gid://shopify/ProductVariant/55032625070417,8809655951635,Jumiso Pore Clearing Cleansing Oil 200ml,Default Title
gid://shopify/Product/11168293323089,gid://shopify/ProductVariant/55032630935889,8801051925814,belif CREAMY CLEANSING FOAM MOIST 160mL,Default Title
gid://shopify/Product/11168295485777,gid://shopify/ProductVariant/55032636309841,8809925133150,IOPE Bio Conditioning Essence Foam 180ml,Default Title
gid://shopify/Product/11168295682385,gid://shopify/ProductVariant/55032636604753,8809728080255,iUNIK Calendula Complete Cleansing Oil 200ml,Default Title
gid://shopify/Product/11168355811665,gid://shopify/ProductVariant/55033010291025,8806121403056,REJURAN Refining Foam Cleanser 120ml,Default Title
gid://shopify/Product/11168356368721,gid://shopify/ProductVariant/55033011241297,8801051430516,belif Aqua Bomb Smart Cleansing Oil Balm 100ml,Default Title
gid://shopify/Product/11168356794705,gid://shopify/ProductVariant/55033012322641,8809655951376,Jumiso Pore-Purifying Salicylic Acid Foaming Cleanser 120g,Default Title
gid://shopify/Product/11168357482833,gid://shopify/ProductVariant/55033015861585,8806194004846,TONYMOLY Intense Care Gold 24k Snail Cleansing Oil Gel 190ml,Default Title
gid://shopify/Product/11168357548369,gid://shopify/ProductVariant/55033015927121,8809238963031,AROMATICA Rosemary Scalp Scrub 165g,Default Title
gid://shopify/Product/11168358334801,gid://shopify/ProductVariant/55033017401681,8809652908922,innisfree Apple Seed Cleansing Oil 150ml,Default Title
gid://shopify/Product/11168362168657,gid://shopify/ProductVariant/55033027133777,8809820696873,ETUDE PPOYAN Lip & Eye Remover 250ml,Default Title
gid://shopify/Product/11168363348305,gid://shopify/ProductVariant/55033031459153,8809820683118,ETUDE Baking Powder Crunch Pore Scrub 200g,Default Title
gid://shopify/Product/11168363413841,gid://shopify/ProductVariant/55033031655761,8809820684603,ETUDE Lip & Eye Remover 250ml,Default Title
gid://shopify/Product/11168365805905,gid://shopify/ProductVariant/55033037095249,8809800941382,Isntree Mugwort Calming Deep Cleansing Oil 200ml,Default Title
gid://shopify/Product/11168365871441,gid://shopify/ProductVariant/55033037226321,8809800941337,Isntree Mugwort Calming Deep Cleansing Balm 100ml,Default Title
gid://shopify/Product/11168367149393,gid://shopify/ProductVariant/55033049416017,8806194031491,TONYMOLY Shea Butter Chok Chok Foam Cleanser 250ml,Default Title
gid://shopify/Product/11168374128977,gid://shopify/ProductVariant/55033103352145,8809222841055,d'Alba White Truffle Deep Clean Foam Cleanser 80ml,Default Title
gid://shopify/Product/11168374948177,gid://shopify/ProductVariant/55033107415377,8809624504152,Elizavecca Clean Piggy Pink Energy Foam Cleansing 120ml,Default Title
gid://shopify/Product/11168375144785,gid://shopify/ProductVariant/55033111347537,8809631877805,Elizavecca Milky Piggy Hell-Pore Clean Up Enzyme Powder Wash 80g,Default Title
gid://shopify/Product/11168375275857,gid://shopify/ProductVariant/55033111478609,8809418750895,Elizavecca Milky Piggy Elastic Pore Cleansing Foam 120ml,Default Title
gid://shopify/Product/11168375341393,gid://shopify/ProductVariant/55033111642449,8809071368826,Elizavecca Secret Pure Skinship Peeling Touch Gel 500ml,Default Title
gid://shopify/Product/11168375734609,gid://shopify/ProductVariant/55033112101201,8809486680919,[Pyunkang yul] Ato Moisturizing Baby Soap 80gX2ea,Default Title
gid://shopify/Product/11168376193361,gid://shopify/ProductVariant/55033112691025,8809486684139,[Pyunkang Yul] Body Wash Dancheong 350ml,Default Title
gid://shopify/Product/11168376226129,gid://shopify/ProductVariant/55033112953169,8809486682708,[Pyunkang Yul] Calming Acne Cleansing Foam 100ml,Default Title
gid://shopify/Product/11168376357201,gid://shopify/ProductVariant/55033113248081,8809486681664,[Pyunkang Yul] Calming Low pH Foaming Cleanser 150ml,Default Title
gid://shopify/Product/11168376488273,gid://shopify/ProductVariant/55033113379153,8809486684153,[Pyunkang Yul] Hand Wash Dancheong 350ml,Default Title
gid://shopify/Product/11168377405777,gid://shopify/ProductVariant/55033115083089,8809486683880,[Pyunkang Yul] Pore Out Cleansing Cake 100g,Default Title
gid://shopify/Product/11168379765073,gid://shopify/ProductVariant/55033119015249,8809949494763,belif Super Knights Bright Toning Vegan Pack Cleanser 150ml,Default Title
gid://shopify/Product/11168379994449,gid://shopify/ProductVariant/55033119375697,8809949494770,belif Super Knights Pore Firming Vegan Pack Cleanser 150ml,Default Title
gid://shopify/Product/11168380944721,gid://shopify/ProductVariant/55033120719185,8809567706767,FULLY GREEN TOMATO CLAY PACK CLEANSER 120ml,Default Title
gid://shopify/Product/11168381403473,gid://shopify/ProductVariant/55033121145169,8806133614648,Dr.Ceuracle 5α Control Clearing Cleansing Foam 200ml,Default Title
gid://shopify/Product/11168381600081,gid://shopify/ProductVariant/55033121440081,8806133613689,Dr.Ceuracle 5α Control Melting Cleansing Gel 150ml,Default Title
gid://shopify/Product/11168381993297,gid://shopify/ProductVariant/55033121833297,8806133613818,Dr.Ceuracle Pro Balance Morning Enzyme Wash 50g,Default Title
gid://shopify/Product/11168390447441,gid://shopify/ProductVariant/55033135563089,8809874683997,APLB Glutathione Niacinamide Cleansing Balm 80ml,Default Title
gid://shopify/Product/11168390578513,gid://shopify/ProductVariant/55033135792465,8809874683980,APLB Glutathione Niacinamide Cleansing Oil 105ml,Default Title
gid://shopify/Product/11168393593169,gid://shopify/ProductVariant/55033144050001,8809567708884,FULLY GREEN TOMATO ACID 20 WASH OFF PEELING SERUM 50ml,Default Title
gid://shopify/Product/11168396575057,gid://shopify/ProductVariant/55033149555025,8809508850702,PETITFEE Beautifying Mood On Cleanser 100ml,Default Title
gid://shopify/Product/11168396706129,gid://shopify/ProductVariant/55033149751633,8809508850863,PETITFEE Clarifying AHA Gel Cleanser 100g,Default Title
gid://shopify/Product/11168397492561,gid://shopify/ProductVariant/55033151553873,8809653233344,Hanskin Vitamin C Glow Powder Cleanser 70g,Default Title
gid://shopify/Product/11168401719633,gid://shopify/ProductVariant/55033165480273,8809783327685,d'Alba Professional Repairing Hair Perfume Serum 100ml,Default Title
gid://shopify/Product/11168401752401,gid://shopify/ProductVariant/55033165545809,8809772783157,d'Alba Professional Repairing Scalp Therapy Serum Shampoo 275ml,Default Title
gid://shopify/Product/11168402669905,gid://shopify/ProductVariant/55033166692689,8809486682241,[Pyunkang Yul] Low pH Scalp Treatment 290ml,Default Title
gid://shopify/Product/11168402768209,gid://shopify/ProductVariant/55033167053137,8809486682234,[Pyunkang Yul] Low pH Scalp Shampoo 290ml,Default Title
gid://shopify/Product/11168403030353,gid://shopify/ProductVariant/55033167479121,8809238967992,AROMATICA Rosemary Dry Shampoo Powder 10g,Default Title
gid://shopify/Product/11168403095889,gid://shopify/ProductVariant/55033167675729,8809238966759,AROMATICA Replenishing Hair Mist Jasmine & Vetiver 100ml,Default Title
gid://shopify/Product/11168403161425,gid://shopify/ProductVariant/55033167774033,8809151133504,AROMATICA Rosemary Scalp Scaling Shampoo 180ml,Default Title
gid://shopify/Product/11168412434769,gid://shopify/ProductVariant/55033191825745,8809567704527,OBgE Multi Texture Curl Cream 150ml,Default Title
gid://shopify/Product/11168412631377,gid://shopify/ProductVariant/55033192022353,8809567704930,OBgE Style Setting Fixer 150ml,Default Title
gid://shopify/Product/11168412795217,gid://shopify/ProductVariant/55033192350033,8809567705470,OBgE Matt Hard Wax 120g,Default Title
gid://shopify/Product/11168413024593,gid://shopify/ProductVariant/55033192546641,8809567706262,OBgE Mellow Clay Pomade 100g,Default Title
gid://shopify/Product/11168418496849,gid://shopify/ProductVariant/55033199919441,8809238965202,AROMATICA Sleep Tight Pillow Mist 100ml,Default Title
gid://shopify/Product/11168418660689,gid://shopify/ProductVariant/55033200083281,889567703384,OBgE Scene Steal Concealer #Medium Beige,Default Title
gid://shopify/Product/11168418758993,gid://shopify/ProductVariant/55033200312657,8809567706231,OBgE Natural Cover Lotion SPF50+ PA++++ 50g,Default Title
gid://shopify/Product/11168419119441,gid://shopify/ProductVariant/55033200804177,8809567703391,OBgE Scene Steal Concealer #Light Beige,Default Title
gid://shopify/Product/11168419676497,gid://shopify/ProductVariant/55033201656145,8809567703919,OBgE Magic Tattoo Brow 2ml #Natural Gray,Default Title
gid://shopify/Product/11168498385233,gid://shopify/ProductVariant/55033659425105,8809647394396,[SOME BY MI] Galactomyces Glutathione Brightening Cream 40ml,Default Title
gid://shopify/Product/11168498581841,gid://shopify/ProductVariant/55033659687249,8809647394778,[SOME BY MI] Lacto Soy Enzyme Deep Cleansing Foam 100ml,Default Title
