variant_id,barcode_anterior
gid://shopify/ProductVariant/54938550927697,
gid://shopify/ProductVariant/54945102070097,
gid://shopify/ProductVariant/54945102692689,
gid://shopify/ProductVariant/54945102758225,
gid://shopify/ProductVariant/54945102889297,
gid://shopify/ProductVariant/54945111769425,
gid://shopify/ProductVariant/54945112916305,
gid://shopify/ProductVariant/54945130086737,
gid://shopify/ProductVariant/54945174946129,
gid://shopify/ProductVariant/54945185857873,
gid://shopify/ProductVariant/54945195196753,
gid://shopify/ProductVariant/54945202733393,
gid://shopify/ProductVariant/54945323352401,
gid://shopify/ProductVariant/54945323942225,
gid://shopify/ProductVariant/54945324171601,
gid://shopify/ProductVariant/54945325646161,
gid://shopify/ProductVariant/54945331577169,
gid://shopify/ProductVariant/54945332232529,
gid://shopify/ProductVariant/54945332494673,
gid://shopify/ProductVariant/54945332756817,
gid://shopify/ProductVariant/54945332986193,
gid://shopify/ProductVariant/54945342423377,
gid://shopify/ProductVariant/54945346388305,
gid://shopify/ProductVariant/54965993963857,
gid://shopify/ProductVariant/54965994094929,
gid://shopify/ProductVariant/54965997666641,
gid://shopify/ProductVariant/54965998715217,
gid://shopify/ProductVariant/54966114058577,
gid://shopify/ProductVariant/54966119465297,
gid://shopify/ProductVariant/54966119629137,
gid://shopify/ProductVariant/54966120218961,
gid://shopify/ProductVariant/54966129787217,
gid://shopify/ProductVariant/54966134374737,
gid://shopify/ProductVariant/54976580157777,
gid://shopify/ProductVariant/54976592052561,
gid://shopify/ProductVariant/54976593690961,
gid://shopify/ProductVariant/54976611058001,
gid://shopify/ProductVariant/54976635666769,
gid://shopify/ProductVariant/54976643596625,
gid://shopify/ProductVariant/54976913473873,
gid://shopify/ProductVariant/54976914325841,
gid://shopify/ProductVariant/54976919699793,
gid://shopify/ProductVariant/54976923468113,
gid://shopify/ProductVariant/54976927793489,
gid://shopify/ProductVariant/54976929300817,
gid://shopify/ProductVariant/54976931070289,
gid://shopify/ProductVariant/54976940998993,
gid://shopify/ProductVariant/54976943128913,
gid://shopify/ProductVariant/54976955253073,
gid://shopify/ProductVariant/54976956727633,
gid://shopify/ProductVariant/54976961315153,
gid://shopify/ProductVariant/54976971178321,
gid://shopify/ProductVariant/54976972882257,
gid://shopify/ProductVariant/54976975077713,
gid://shopify/ProductVariant/54976976453969,
gid://shopify/ProductVariant/54976977043793,
gid://shopify/ProductVariant/54976988283217,
gid://shopify/ProductVariant/54977008697681,
gid://shopify/ProductVariant/54977010598225,
gid://shopify/ProductVariant/54977015873873,
gid://shopify/ProductVariant/54977018069329,
gid://shopify/ProductVariant/54977019347281,
gid://shopify/ProductVariant/54977021083985,
gid://shopify/ProductVariant/54977022361937,
gid://shopify/ProductVariant/54977023672657,
gid://shopify/ProductVariant/54977025048913,
gid://shopify/ProductVariant/54977030455633,
gid://shopify/ProductVariant/54977031242065,
gid://shopify/ProductVariant/54977032814929,
gid://shopify/ProductVariant/54977034748241,
gid://shopify/ProductVariant/54977036583249,
gid://shopify/ProductVariant/54982407487825,
gid://shopify/ProductVariant/54982410371409,
gid://shopify/ProductVariant/54982410666321,
gid://shopify/ProductVariant/54982413549905,
gid://shopify/ProductVariant/54982428524881,
gid://shopify/ProductVariant/54982430982481,
gid://shopify/ProductVariant/54982432096593,
gid://shopify/ProductVariant/54982432620881,
gid://shopify/ProductVariant/54982444810577,
gid://shopify/ProductVariant/54982444876113,
gid://shopify/ProductVariant/54982445072721,
gid://shopify/ProductVariant/54982445138257,
gid://shopify/ProductVariant/54982703907153,
gid://shopify/ProductVariant/54982704038225,
gid://shopify/ProductVariant/54982708232529,
gid://shopify/ProductVariant/54982708855121,
gid://shopify/ProductVariant/54982708920657,
gid://shopify/ProductVariant/54982708986193,
gid://shopify/ProductVariant/54982709903697,
gid://shopify/ProductVariant/54982711837009,
gid://shopify/ProductVariant/54984268284241,
gid://shopify/ProductVariant/54984270709073,
gid://shopify/ProductVariant/54984270840145,
gid://shopify/ProductVariant/54984271102289,
gid://shopify/ProductVariant/54984272806225,
gid://shopify/ProductVariant/54984273002833,
gid://shopify/ProductVariant/54984273199441,
gid://shopify/ProductVariant/54984273428817,
gid://shopify/ProductVariant/54984273527121,
gid://shopify/ProductVariant/54984274444625,
gid://shopify/ProductVariant/54984274837841,
gid://shopify/ProductVariant/54984275427665,
gid://shopify/ProductVariant/54984284242257,
gid://shopify/ProductVariant/54984284766545,
gid://shopify/ProductVariant/54984285552977,
gid://shopify/ProductVariant/54984285880657,
gid://shopify/ProductVariant/54984286077265,
gid://shopify/ProductVariant/54984286601553,
gid://shopify/ProductVariant/54984289681745,
gid://shopify/ProductVariant/54984289943889,
gid://shopify/ProductVariant/54984290009425,
gid://shopify/ProductVariant/54984290074961,
gid://shopify/ProductVariant/54984290566481,
gid://shopify/ProductVariant/54984293482833,
gid://shopify/ProductVariant/54984293679441,
gid://shopify/ProductVariant/54984295547217,
gid://shopify/ProductVariant/54984295612753,
gid://shopify/ProductVariant/54984295678289,
gid://shopify/ProductVariant/54984296071505,
gid://shopify/ProductVariant/54984296399185,
gid://shopify/ProductVariant/54984297316689,
gid://shopify/ProductVariant/54984310882641,
gid://shopify/ProductVariant/54984311112017,
gid://shopify/ProductVariant/54984311210321,
gid://shopify/ProductVariant/54984311439697,
gid://shopify/ProductVariant/54984312914257,
gid://shopify/ProductVariant/54984313995601,
gid://shopify/ProductVariant/54984314388817,
gid://shopify/ProductVariant/54984314716497,
gid://shopify/ProductVariant/54984314847569,
gid://shopify/ProductVariant/54984315306321,
gid://shopify/ProductVariant/54984330314065,
gid://shopify/ProductVariant/54984330903889,
gid://shopify/ProductVariant/54984330969425,
gid://shopify/ProductVariant/54984331297105,
gid://shopify/ProductVariant/54984338145617,
gid://shopify/ProductVariant/54984338211153,
gid://shopify/ProductVariant/54984338276689,
gid://shopify/ProductVariant/54984338538833,
gid://shopify/ProductVariant/54984338637137,
gid://shopify/ProductVariant/54984338702673,
gid://shopify/ProductVariant/54984338768209,
gid://shopify/ProductVariant/54984338833745,
gid://shopify/ProductVariant/54984339128657,
gid://shopify/ProductVariant/54984339325265,
gid://shopify/ProductVariant/54984339390801,
gid://shopify/ProductVariant/54984339456337,
gid://shopify/ProductVariant/54984363934033,
gid://shopify/ProductVariant/54984369471825,
gid://shopify/ProductVariant/54984370258257,
gid://shopify/ProductVariant/54984409022801,
gid://shopify/ProductVariant/54984409186641,
gid://shopify/ProductVariant/54984409514321,
gid://shopify/ProductVariant/54984409612625,
gid://shopify/ProductVariant/54984409743697,
gid://shopify/ProductVariant/54984409809233,
gid://shopify/ProductVariant/54984409973073,
gid://shopify/ProductVariant/54984410038609,
gid://shopify/ProductVariant/54984410136913,
gid://shopify/ProductVariant/54984410399057,
gid://shopify/ProductVariant/54984410530129,
gid://shopify/ProductVariant/54984410759505,
gid://shopify/ProductVariant/54984410890577,
gid://shopify/ProductVariant/54984411021649,
gid://shopify/ProductVariant/54984411087185,
gid://shopify/ProductVariant/54984411185489,
gid://shopify/ProductVariant/54984425013585,
gid://shopify/ProductVariant/54984425308497,
gid://shopify/ProductVariant/54984425406801,
gid://shopify/ProductVariant/54984426357073,
gid://shopify/ProductVariant/54984426520913,
gid://shopify/ProductVariant/54984426586449,
gid://shopify/ProductVariant/54984454439249,
gid://shopify/ProductVariant/54984462074193,
gid://shopify/ProductVariant/54984463778129,
gid://shopify/ProductVariant/54984464040273,
gid://shopify/ProductVariant/54984464499025,
gid://shopify/ProductVariant/54984464695633,
gid://shopify/ProductVariant/54984465842513,
gid://shopify/ProductVariant/54984466530641,
gid://shopify/ProductVariant/54984466596177,
gid://shopify/ProductVariant/54984466858321,
gid://shopify/ProductVariant/54984466989393,
gid://shopify/ProductVariant/54984467120465,
gid://shopify/ProductVariant/54984467186001,
gid://shopify/ProductVariant/54984467284305,
gid://shopify/ProductVariant/54984467546449,
gid://shopify/ProductVariant/54984467611985,
gid://shopify/ProductVariant/54984468791633,
gid://shopify/ProductVariant/54984593801553,
gid://shopify/ProductVariant/54984595243345,
gid://shopify/ProductVariant/54984595505489,
gid://shopify/ProductVariant/54984598061393,
gid://shopify/ProductVariant/54984598978897,
gid://shopify/ProductVariant/54984600224081,
gid://shopify/ProductVariant/54984600584529,
gid://shopify/ProductVariant/54984647803217,
gid://shopify/ProductVariant/54984648589649,
gid://shopify/ProductVariant/54984679948625,
gid://shopify/ProductVariant/54984680735057,
gid://shopify/ProductVariant/54984694432081,
gid://shopify/ProductVariant/54984695710033,
gid://shopify/ProductVariant/54984696889681,
gid://shopify/ProductVariant/54984697577809,
gid://shopify/ProductVariant/54984699117905,
gid://shopify/ProductVariant/54984699281745,
gid://shopify/ProductVariant/54984701804881,
gid://shopify/ProductVariant/54984702001489,
gid://shopify/ProductVariant/54984707866961,
gid://shopify/ProductVariant/54984745681233,
gid://shopify/ProductVariant/54984745714001,
gid://shopify/ProductVariant/54984768061777,
gid://shopify/ProductVariant/54985622061393,
gid://shopify/ProductVariant/54985696149841,
gid://shopify/ProductVariant/54985739960657,
gid://shopify/ProductVariant/54985740058961,
gid://shopify/ProductVariant/54985740190033,
gid://shopify/ProductVariant/54985884631377,
gid://shopify/ProductVariant/54985885483345,
gid://shopify/ProductVariant/54985885843793,
gid://shopify/ProductVariant/54985917006161,
gid://shopify/ProductVariant/54985917268305,
gid://shopify/ProductVariant/54985917694289,
gid://shopify/ProductVariant/54985921134929,
gid://shopify/ProductVariant/54986022977873,
gid://shopify/ProductVariant/54986023043409,
gid://shopify/ProductVariant/54986023666001,
gid://shopify/ProductVariant/54986023993681,
gid://shopify/ProductVariant/54986047848785,
gid://shopify/ProductVariant/54986057154897,
gid://shopify/ProductVariant/54986064888145,
gid://shopify/ProductVariant/54986137010513,
gid://shopify/ProductVariant/54986137108817,
gid://shopify/ProductVariant/54986211230033,
gid://shopify/ProductVariant/54986263855441,
gid://shopify/ProductVariant/54986264510801,
gid://shopify/ProductVariant/54986265428305,
gid://shopify/ProductVariant/54986265690449,
gid://shopify/ProductVariant/54986266214737,
gid://shopify/ProductVariant/54986266575185,
gid://shopify/ProductVariant/54986267558225,
gid://shopify/ProductVariant/54986329719121,
gid://shopify/ProductVariant/54986330210641,
gid://shopify/ProductVariant/54986330833233,
gid://shopify/ProductVariant/54986337026385,
gid://shopify/ProductVariant/54986337780049,
gid://shopify/ProductVariant/54986338632017,
gid://shopify/ProductVariant/54986339451217,
gid://shopify/ProductVariant/54986341187921,
gid://shopify/ProductVariant/54986343711057,
gid://shopify/ProductVariant/54986345087313,
gid://shopify/ProductVariant/54986345709905,
gid://shopify/ProductVariant/54986346004817,
gid://shopify/ProductVariant/54986346463569,
gid://shopify/ProductVariant/54986348364113,
gid://shopify/ProductVariant/54986349543761,
gid://shopify/ProductVariant/54986350068049,
gid://shopify/ProductVariant/54986352460113,
gid://shopify/ProductVariant/54986356916561,
gid://shopify/ProductVariant/54986357702993,
gid://shopify/ProductVariant/54986360062289,
gid://shopify/ProductVariant/54986360488273,
gid://shopify/ProductVariant/54986362290513,
gid://shopify/ProductVariant/54986699145553,
gid://shopify/ProductVariant/54986862231889,
gid://shopify/ProductVariant/54986862362961,
gid://shopify/ProductVariant/54986862723409,
gid://shopify/ProductVariant/54986862985553,
gid://shopify/ProductVariant/54986865738065,
gid://shopify/ProductVariant/54986865836369,
gid://shopify/ProductVariant/54986865934673,
gid://shopify/ProductVariant/54986866458961,
gid://shopify/ProductVariant/54986866590033,
gid://shopify/ProductVariant/54986866852177,
gid://shopify/ProductVariant/54986867114321,
gid://shopify/ProductVariant/54986867245393,
gid://shopify/ProductVariant/54986867573073,
gid://shopify/ProductVariant/54986867736913,
gid://shopify/ProductVariant/54986869801297,
gid://shopify/ProductVariant/54986870030673,
gid://shopify/ProductVariant/54986870227281,
gid://shopify/ProductVariant/54986870423889,
gid://shopify/ProductVariant/54986872291665,
gid://shopify/ProductVariant/54986872914257,
gid://shopify/ProductVariant/54986873045329,
gid://shopify/ProductVariant/54986873405777,
gid://shopify/ProductVariant/54986873471313,
gid://shopify/ProductVariant/54986873602385,
gid://shopify/ProductVariant/54986889494865,
gid://shopify/ProductVariant/54986891166033,
gid://shopify/ProductVariant/54986892050769,
gid://shopify/ProductVariant/54986892181841,
gid://shopify/ProductVariant/54986892378449,
gid://shopify/ProductVariant/54986895950161,
gid://shopify/ProductVariant/54986897588561,
gid://shopify/ProductVariant/54986897949009,
gid://shopify/ProductVariant/54988029133137,
gid://shopify/ProductVariant/54988049219921,
gid://shopify/ProductVariant/54988050006353,
gid://shopify/ProductVariant/54988054036817,
gid://shopify/ProductVariant/54988054397265,
gid://shopify/ProductVariant/54988054593873,
gid://shopify/ProductVariant/54988056002897,
gid://shopify/ProductVariant/54988059967825,
gid://shopify/ProductVariant/54988060721489,
gid://shopify/ProductVariant/54988110496081,
gid://shopify/ProductVariant/54988112003409,
gid://shopify/ProductVariant/54988112757073,
gid://shopify/ProductVariant/54988113412433,
gid://shopify/ProductVariant/54988114100561,
gid://shopify/ProductVariant/54988197298513,
gid://shopify/ProductVariant/54988197396817,
gid://shopify/ProductVariant/54988197462353,
gid://shopify/ProductVariant/54988197822801,
gid://shopify/ProductVariant/54988201132369,
gid://shopify/ProductVariant/54988620923217,
gid://shopify/ProductVariant/54988621414737,
gid://shopify/ProductVariant/54988626886993,
gid://shopify/ProductVariant/54988632424785,
gid://shopify/ProductVariant/54988636160337,
gid://shopify/ProductVariant/54988636684625,
gid://shopify/ProductVariant/54988636914001,
gid://shopify/ProductVariant/54988639469905,
gid://shopify/ProductVariant/54988640321873,
gid://shopify/ProductVariant/54988641042769,
gid://shopify/ProductVariant/54988789121361,
gid://shopify/ProductVariant/54988790563153,
gid://shopify/ProductVariant/54988802130257,
gid://shopify/ProductVariant/54988833947985,
gid://shopify/ProductVariant/54988834668881,
gid://shopify/ProductVariant/54988834799953,
gid://shopify/ProductVariant/54988839715153,
gid://shopify/ProductVariant/54988851544401,
gid://shopify/ProductVariant/54988860490065,
gid://shopify/ProductVariant/54988884181329,
gid://shopify/ProductVariant/54988977439057,
gid://shopify/ProductVariant/54988977602897,
gid://shopify/ProductVariant/54988979470673,
gid://shopify/ProductVariant/54989883801937,
gid://shopify/ProductVariant/54989883900241,
gid://shopify/ProductVariant/54989884129617,
gid://shopify/ProductVariant/54990107083089,
gid://shopify/ProductVariant/54990107541841,
gid://shopify/ProductVariant/55008836157777,
gid://shopify/ProductVariant/55008837468497,
gid://shopify/ProductVariant/55010743386449,
gid://shopify/ProductVariant/55010753249617,
gid://shopify/ProductVariant/55010768257361,
gid://shopify/ProductVariant/55010769207633,
gid://shopify/ProductVariant/55010801320273,
gid://shopify/ProductVariant/55020274418001,
gid://shopify/ProductVariant/55020278546769,
gid://shopify/ProductVariant/55020388319569,
gid://shopify/ProductVariant/55020390809937,
gid://shopify/ProductVariant/55020614189393,
gid://shopify/ProductVariant/55020642173265,
gid://shopify/ProductVariant/55023427289425,
gid://shopify/ProductVariant/55023427682641,
gid://shopify/ProductVariant/55023428108625,
gid://shopify/ProductVariant/55023428501841,
gid://shopify/ProductVariant/55023428731217,
gid://shopify/ProductVariant/55023428993361,
gid://shopify/ProductVariant/55023429255505,
gid://shopify/ProductVariant/55023429484881,
gid://shopify/ProductVariant/55023710536017,
gid://shopify/ProductVariant/55023861498193,
gid://shopify/ProductVariant/55023874376017,
gid://shopify/ProductVariant/55027006931281,
gid://shopify/ProductVariant/55027007684945,
gid://shopify/ProductVariant/55027009421649,
gid://shopify/ProductVariant/55027010109777,
gid://shopify/ProductVariant/55027014959441,
gid://shopify/ProductVariant/55027039863121,
gid://shopify/ProductVariant/55027161694545,
gid://shopify/ProductVariant/55027193577809,
gid://shopify/ProductVariant/55027213926737,
gid://shopify/ProductVariant/55028055802193,
gid://shopify/ProductVariant/55028063600977,
gid://shopify/ProductVariant/55028079001937,
gid://shopify/ProductVariant/55028089651537,
gid://shopify/ProductVariant/55028089979217,
gid://shopify/ProductVariant/55028090077521,
gid://shopify/ProductVariant/55028090208593,
gid://shopify/ProductVariant/55028092141905,
gid://shopify/ProductVariant/55028099645777,
gid://shopify/ProductVariant/55028099711313,
gid://shopify/ProductVariant/55028100301137,
gid://shopify/ProductVariant/55028113113425,
gid://shopify/ProductVariant/55028115865937,
gid://shopify/ProductVariant/55028115997009,
gid://shopify/ProductVariant/55028116193617,
gid://shopify/ProductVariant/55028126417233,
gid://shopify/ProductVariant/55028128678225,
gid://shopify/ProductVariant/55028129956177,
gid://shopify/ProductVariant/55028146372945,
gid://shopify/ProductVariant/55028146864465,
gid://shopify/ProductVariant/55028149813585,
gid://shopify/ProductVariant/55028183400785,
gid://shopify/ProductVariant/55028185956689,
gid://shopify/ProductVariant/55028188512593,
gid://shopify/ProductVariant/55028188807505,
gid://shopify/ProductVariant/55028191920465,
gid://shopify/ProductVariant/55028208959825,
gid://shopify/ProductVariant/55028210172241,
gid://shopify/ProductVariant/55028210434385,
gid://shopify/ProductVariant/55028213285201,
gid://shopify/ProductVariant/55028238057809,
gid://shopify/ProductVariant/55028238156113,
gid://shopify/ProductVariant/55028258865489,
gid://shopify/ProductVariant/55028260012369,
gid://shopify/ProductVariant/55028260077905,
gid://shopify/ProductVariant/55028260176209,
gid://shopify/ProductVariant/55028284588369,
gid://shopify/ProductVariant/55028290158929,
gid://shopify/ProductVariant/55028292157777,
gid://shopify/ProductVariant/55028995981649,
gid://shopify/ProductVariant/55029044478289,
gid://shopify/ProductVariant/55029048541521,
gid://shopify/ProductVariant/55029058797905,
gid://shopify/ProductVariant/55029106409809,
gid://shopify/ProductVariant/55029188493649,
gid://shopify/ProductVariant/55029192753489,
gid://shopify/ProductVariant/55029298495825,
gid://shopify/ProductVariant/55029298921809,
gid://shopify/ProductVariant/55029374583121,
gid://shopify/ProductVariant/55029402763601,
gid://shopify/ProductVariant/55029450309969,
gid://shopify/ProductVariant/55029457289553,
gid://shopify/ProductVariant/55029457813841,
gid://shopify/ProductVariant/55029460566353,
gid://shopify/ProductVariant/55029482553681,
gid://shopify/ProductVariant/55029482783057,
gid://shopify/ProductVariant/55029485142353,
gid://shopify/ProductVariant/55029486059857,
gid://shopify/ProductVariant/55032551965009,
gid://shopify/ProductVariant/55032553374033,
gid://shopify/ProductVariant/55032618287441,
gid://shopify/ProductVariant/55032624939345,
gid://shopify/ProductVariant/55032625070417,
gid://shopify/ProductVariant/55032630935889,
gid://shopify/ProductVariant/55032636309841,
gid://shopify/ProductVariant/55032636604753,
gid://shopify/ProductVariant/55033010291025,
gid://shopify/ProductVariant/55033011241297,
gid://shopify/ProductVariant/55033012322641,
gid://shopify/ProductVariant/55033015861585,
gid://shopify/ProductVariant/55033015927121,
gid://shopify/ProductVariant/55033017401681,
gid://shopify/ProductVariant/55033027133777,
gid://shopify/ProductVariant/55033031459153,
gid://shopify/ProductVariant/55033031655761,
gid://shopify/ProductVariant/55033037095249,
gid://shopify/ProductVariant/55033037226321,
gid://shopify/ProductVariant/55033049416017,
gid://shopify/ProductVariant/55033103352145,
gid://shopify/ProductVariant/55033107415377,
gid://shopify/ProductVariant/55033111347537,
gid://shopify/ProductVariant/55033111478609,
gid://shopify/ProductVariant/55033111642449,
gid://shopify/ProductVariant/55033112101201,
gid://shopify/ProductVariant/55033112691025,
gid://shopify/ProductVariant/55033112953169,
gid://shopify/ProductVariant/55033113248081,
gid://shopify/ProductVariant/55033113379153,
gid://shopify/ProductVariant/55033115083089,
gid://shopify/ProductVariant/55033119015249,
gid://shopify/ProductVariant/55033119375697,
gid://shopify/ProductVariant/55033120719185,
gid://shopify/ProductVariant/55033121145169,
gid://shopify/ProductVariant/55033121440081,
gid://shopify/ProductVariant/55033121833297,
gid://shopify/ProductVariant/55033135563089,
gid://shopify/ProductVariant/55033135792465,
gid://shopify/ProductVariant/55033144050001,
gid://shopify/ProductVariant/55033149555025,
gid://shopify/ProductVariant/55033149751633,
gid://shopify/ProductVariant/55033151553873,
gid://shopify/ProductVariant/55033165480273,
gid://shopify/ProductVariant/55033165545809,
gid://shopify/ProductVariant/55033166692689,
gid://shopify/ProductVariant/55033167053137,
gid://shopify/ProductVariant/55033167479121,
gid://shopify/ProductVariant/55033167675729,
gid://shopify/ProductVariant/55033167774033,
gid://shopify/ProductVariant/55033191825745,
gid://shopify/ProductVariant/55033192022353,
gid://shopify/ProductVariant/55033192350033,
gid://shopify/ProductVariant/55033192546641,
gid://shopify/ProductVariant/55033199919441,
gid://shopify/ProductVariant/55033200083281,
gid://shopify/ProductVariant/55033200312657,
gid://shopify/ProductVariant/55033200804177,
gid://shopify/ProductVariant/55033201656145,
gid://shopify/ProductVariant/55033659425105,
gid://shopify/ProductVariant/55033659687249,
